label;textid;genre;year;century;lexicaldiversity;subgenre;treeid;tense;prog;text
IP-MAT;jartein;rel;1210;13;0.21;sag;2553;BEDI;1;Menn voru að tjalda kirkju á einhverjum bæ
IP-SUB;ntacts;rel;1540;16;0.24;bib;32227;BEDI;1;og heyrði að hann var að lesa Esaiam spámann
IP-SUB;ntacts;rel;1540;16;0.24;bib;32378;BEDI;1;En á meðan þeir voru að búa til leið yfir hann brjósthöfgi VS:X_11P
IP-MAT;ntacts;rel;1540;16;0.24;bib;32757;BEDI;1;VS:XVI_6P Og þá þeir gengu um Frýgiam og Galitíuríki var þeim forboðið af helgum anda að tala Guðs orð í Asía
IP-SUB;okur;rel;1611;17;0.3;oth;36523;BEDI;1;En þá hún var nú að telja peningana datt þessi skarfur niður fyrir henni
IP-SUB;olafuregils;bio;1628;17;0.23;tra;37390;BEPI;1;og þá eg er að fá mat þá spyr mig einn af þeim skipherrum sá helzti hvað fyrir mann eg væri hvaðan eg væri að kominn og hvert eg ætlaði
IP-SUB;illugi;nar;1650;17;0.21;sag;38454;BEDI;1;En er menn voru um þetta að ræða var hurðar kvatt og þó heldur mikilfengliga
IP-SUB;pislarsaga;bio;1659;17;0.28;aut;40540;BEDI;1;En er þeir voru að beita lóðir við naustið urðu þeir varir við stóran óhreinleik
IP-MAT;indiafari;bio;1661;17;0.23;tra;40815;BEDI;1;og voru að spássera þar um grundirnar sem bændurnir skyldu fram um fara þeir eð áttu heima uppá landsbyggðinni og tvisvar í hverri viku komu í borgina upp á torgið með allra handa sem af bóndabyggðinni plagast að flytja í kaupstaðina sem er rúg maltrúg bygg þríslags grjón hveiti humal hunang smjör ost svín gæsir andir og margslags fisk úr ferskum vötnum
IP-SUB;indiafari;bio;1661;17;0.23;tra;40982;BEDI;1;Hann sjálfur kóngurinn ásamt öllum honum þénandi sem var kapteinar skipherrar byssuskyttur bátsmenn timburmenn og hofþénarar sem þar daglega við voru í hálfan mánað skipið aftur að viðrétta hvað og skeði með stórum erfiðismunum
IP-SUB;indiafari;bio;1661;17;0.23;tra;41326;BEDI;1;En skömmu seinna kom hann mér óvitanlega er ég var að uppljúka dyrum þar nálægt
IP-SUB;indiafari;bio;1661;17;0.23;tra;41369;BEDI;1;Item einn tíma eitt kvöld er ég sat í húsi þess manns er Sveinn hét og þrír menn aðrir og vorum að spila varð slegið með steini á þann fjalarhlemm er um nætur til hlífðar við glergluggana verður uppdreginn svo glerið fauk um vor andlit þar vér sátum við borðið
IP-MAT;indiafari;bio;1661;17;0.23;tra;41505;BEPI;1;Nú er ég að tala um höndlan og háttalag Týhússins og hvað þar við bar hið sérlegasta af mörgu
IP-MAT;indiafari;bio;1661;17;0.23;tra;41636;BEDI;1;Það var að líta sem hann væri að krumla með klóm og hrífa að sér
IP-MAT;indiafari;bio;1661;17;0.23;tra;41872;BEDI;1;og var ég í þá bók að horfa sem Sá andlegi herradagur nefndist
IP-MAT;modars;nar;1675;17;0.34;fic;43523;BEDI;1;og er þær komu að Glaumbæ var verið að syngja útgöngusálminn
IP-SUB;klim;nar;1745;18;0.26;fic;46762;BEDI;1;En þá ég var að bera mig að því gaf þetta tré hljóð af sér sem að sönnu var lágt en þó gegnumþrengjandi líkt sem raust reiðrar konu
IP-SUB;fimmbraedra;nar;1790;18;0.22;sag;48654;BEDI;1;Kom hann þá þar að er tólf menn voru að byggja einn stólpa af múr og marmara
IP-MAT;jonsteingrims;bio;1791;18;0.24;aut;50029;BEDI;1;og voru því að spá fyrir mér eg hætti ei fyrr en dræpi mig í sjónum
IP-MAT;jonsteingrims;bio;1791;18;0.24;aut;50137;BEDI;1;Sýslumaður Lýður var þar og að halda einslags þing
IP-MAT;jonsteingrims;bio;1791;18;0.24;aut;50194;BEDI;1;og var að krassa sandinn út því hann var að deila við sýslumann áður
IP-SUB;jonsteingrims;bio;1791;18;0.24;aut;50434;BEPS;1;og segir mér nú hvorsu menn hafi hneykslast á mér og séu að taka ráð sín saman
IP-MAT;jonsteingrims;bio;1791;18;0.24;aut;50479;BEDI;1;Eitt sinn var eg einsamall að húsvitja
IP-SUB;jonsteingrims;bio;1791;18;0.24;aut;50480;BEDI;1;Voru þar bændur tveir sem voru að deila í heygarði sem þeir áttu saman
IP-MAT;jonsteingrims;bio;1791;18;0.24;aut;50730;BEDI;1;Eg var þá að taka ofan Reynirskirkju
IP-SUB;piltur;nar;1850;19;0.22;fic;53263;BEDI;1;Í þessu varð Gróu litið til Ingibjargar þar sem hún var að laga faldinn á höfðinu á prestsdóttur
IP-SUB;piltur;nar;1850;19;0.22;fic;53456;BEDI;1;og raulaði eitthvað fyrir munni sér eins og hann jafnan var vanur þegar hann var að fara með smjör eða peninga
IP-SUB;piltur;nar;1850;19;0.22;fic;53580;BEDI;1;en svo óheppilega hafði til tekist einhvern tíma í kaupstaðarferð þegar Guðmundur var að láta upp bagga að nokkrar tölurnar höfðu hrunið af öðrum barminum
IP-SUB;hugvekjur;rel;1859;19;0.2;ser;53980;BEDI;1;Jafnsnart sem Jesús var enn að tala um þetta sjá
IP-MAT;orrusta;nar;1861;19;0.25;fic;55714;BEDI;1;og var keisarinn að taka litla skattinn
IP-MAT;orrusta;nar;1861;19;0.25;fic;55881;BEPI;1;og ég er að blása það upp
IP-MAT;orrusta;nar;1861;19;0.25;fic;56206;BEDI;1;og var að lesa bænir yfir kúnni
IP-SUB;orrusta;nar;1861;19;0.25;fic;56439;BEDI;1;Stóð þar svo á að Gudda ráðskona var úti á túni að berja
IP-MAT;torfhildur;nar;1882;19;0.24;fic;56901;BEDI;1;en brosið var einlægt að fæðast og deyja á vörum Kristínar
IP-MAT;torfhildur;nar;1882;19;0.24;fic;57499;BEDI;1;Sólin var að hverfa bak við hnúkana
IP-SUB;torfhildur;nar;1882;19;0.24;fic;57829;BEDI;1;Sá er hann átti tal við var Jón sá er var að gifta sig er biskup hélt innreið sína í Skálholt
IP-MAT;torfhildur;nar;1882;19;0.24;fic;57833;BEDI;1;og þann hluta var nú biskup að fala
IP-SUB;grimur;nar;1888;19;0.27;fic;58843;BEDI;1;Best kunni hann við sig þegar hann var að vega vörur bænda ull tólg og þess konar
IP-MAT;grimur;nar;1888;19;0.27;fic;58864;BEDI;1;hann var svo að flækjast í Eyrarkaupstað nokkur ár
IP-SUB;grimur;nar;1888;19;0.27;fic;58955;BEDI;1;og inni í stofunni sem Grímur gamli sat í á daginn þegar hann var ekki að rangla úti í búðinni ægði einhvernveginn saman ódaun af úldnu keti og morkinni skötu svo að þar inni var lítt verandi fyrir þá sem ekki voru slíku vanir
IP-MAT;grimur;nar;1888;19;0.27;fic;59317;BEDI;1;og var alltaf öðru hvoru að tauta við sjálfan sig
IP-MAT;grimur;nar;1888;19;0.27;fic;59340;BEDI;1;og var að taka þar til
IP-MAT;grimur;nar;1888;19;0.27;fic;59373;BEDI;1;Hún var lengi að opna skúffurnar
IP-MAT;grimur;nar;1888;19;0.27;fic;59383;BEDI;1;Hún var lengi að finna lykilinn að henni því riða var töluverð á höndunum
IP-MAT;vordraumur;nar;1888;19;0.26;fic;59427;BEDI;1;þar voru hvítleit ský að læðast fram og aftur í hægðum sínum eins og einhver vorkyrrð væri komin yfir þau
IP-MAT;vordraumur;nar;1888;19;0.26;fic;59434;BEDI;1;þeir voru að hugsa um litlar heybirgðir og margar skepnur
IP-MAT;vordraumur;nar;1888;19;0.26;fic;59475;BEDI;1;og var að spjalla saman
IP-MAT;vordraumur;nar;1888;19;0.26;fic;59572;BEDI;1;hann var að hugsa fram og aftur um það sem fyrir hann hafði borið um kvöldið
IP-SUB;vordraumur;nar;1888;19;0.26;fic;59647;BEDI;1;og einblíndi á Önnu meðan hún var að tala
IP-MAT;vordraumur;nar;1888;19;0.26;fic;59691;BEDI;1;og var að hugsa um hverju hann hefði svarað prófastinum og unnustunni við kvöldverðinn
IP-SUB;vordraumur;nar;1888;19;0.26;fic;59746;BEDI;1;og hélt henni fastri milli beggja litlu handanna sinna meðan hún var að tala
IP-SUB;vordraumur;nar;1888;19;0.26;fic;59763;BEDI;1;Bjarni einblíndi á hana meðan hún var að tala
IP-SUB;vordraumur;nar;1888;19;0.26;fic;59874;BEDI;1;En því var nú prófasturinn að dæma ?
IP-MAT;vordraumur;nar;1888;19;0.26;fic;59964;BEDI;1;og var að hugsa um það á leiðinni hvað ættingjaelskan væri fögur og hvað mikla gæfu hún færði mönnunum
IP-MAT;vordraumur;nar;1888;19;0.26;fic;60008;BEDI;1;Hann var að blaða í dálítilli aflangri bók í blárri kápu
IP-SUB;vordraumur;nar;1888;19;0.26;fic;60009;BEDI;1;og hélt á bláum blýanti sem hann var að leika sér að
IP-SUB;vordraumur;nar;1888;19;0.26;fic;60014;BEDS;1;og prófasturinn lét bláa blýantinn fylgja með tölunum í dálkinum eins og hann væri í hugsunarleysi eða sér til dægrastyttingar að leika sér að því að leggja þessar tölur saman
IP-MAT;vordraumur;nar;1888;19;0.26;fic;60113;BEDI;1;Þegar frú Anna kom heim á stöðulinn var verið að mjólka
IP-SUB;vordraumur;nar;1888;19;0.26;fic;60127;BEDI;1;en húsrúmið var þó heldur þröngt þó húsakynnin væru stór meðan verið var að borða
IP-SUB;vordraumur;nar;1888;19;0.26;fic;60134;BEDI;1;Það var einkum þetta æðisfát sem aldrei skyldi verið hafa við hana frú Önnu sem hann var að leita að rótum til
IP-MAT;vordraumur;nar;1888;19;0.26;fic;60150;BEDI;1;Unnustan var að leita hans
IP-MAT;vordraumur;nar;1888;19;0.26;fic;60157;BEDI;1;og var að velta fyrir sér hvort hann ætti að drekka flóaða mjólk á morgnana og nýmjólk á kvöldin eða nýmjólk á morgnana og flóaða mjólk á kvöldin
IP-MAT;fossar;nar;1902;20;0.24;fic;60466;BEDI;1;Þegar hann kom út aftur var Brandur að tinda hrífu
IP-SUB;fossar;nar;1902;20;0.24;fic;60479;BEDS;1;Hvaða meining var í að karl væri að flökta með hann ?
IP-MAT;fossar;nar;1902;20;0.24;fic;60482;BEPI;1;Hann er að snuða þetta út flaug Brandi í hug
IP-SUB;fossar;nar;1902;20;0.24;fic;60498;BEDI;1;Hvað var Einar að flækjast með fullan belg ?
IP-MAT;fossar;nar;1902;20;0.24;fic;60668;BEDI;1;Steinn og Helgi voru að veltast við að bera inn tuggur reyna að hjálpa pabba að koma fyrir heyinu sem nú var komið upp á móts við baggagatið
IP-SUB;fossar;nar;1902;20;0.24;fic;61003;BEDS;1;það var eins og klerkurinn væri að hirta þá fyrir mannvonsku þeirra
IP-SUB;fossar;nar;1902;20;0.24;fic;61174;BEDS;1;Nú voru foreldrar hennar dánir svo enginn ágreiningur gat risið af því hvernig þeim var hjálpað hvort þau væru að smávinna upp það sem þau einu sinni höfðu gefið upp að Fossi
IP-SUB;fossar;nar;1902;20;0.24;fic;61286;BEDI;1;og dansaði því þá var dansinn að færast frá kaupstöðunum til sveitanna
IP-SUB;fossar;nar;1902;20;0.24;fic;61441;BEDS;1;Það var líkast því að hún væri að flýja einhverja harða hugsun sem hún þó ekki gæti losnað við
IP-SUB;fossar;nar;1902;20;0.24;fic;61766;BEDI;1;Var hún að vara hann við ?
IP-SUB;leysing;nar;1907;20;0.25;fic;61871;BEDI;1;Og búðarsveinarnir sárbölvuðu bókaranum meðan þeir voru að hreinsa af sér litinn
IP-MAT;leysing;nar;1907;20;0.25;fic;62115;BEDI;1;hann var að leita að því í huganum
IP-MAT;leysing;nar;1907;20;0.25;fic;62292;BEDI;1;Eins og áður er um getið var verið að afferma gufuskip fram undan ytri kaupstaðnum
IP-SUB;leysing;nar;1907;20;0.25;fic;62344;BEPI;1;Þegar verið er að ferma eða afferma skip á höfnum sem skipstjórinn af einhverjum ástæðum hefir ekki velþóknun á gerir hann sig umsvifalaust að yfirmanni allrar vinnunnar
IP-MAT;leysing;nar;1907;20;0.25;fic;62371;BEDI;1;og var verið að losa hann
IP-SUB;leysing;nar;1907;20;0.25;fic;62389;BEDI;1;Hann heyrði að verið var að skella aftur hlerunum
IP-MAT;leysing;nar;1907;20;0.25;fic;62492;BEDI;1;Var þar verið að afgreiða marga af þeim sem verið höfðu í vinnunni um daginn
IP-MAT;leysing;nar;1907;20;0.25;fic;62499;BEDI;1;og var að skrifa í hana
IP-MAT;leysing;nar;1907;20;0.25;fic;62637;BEDI;1;Heila áratugi voru þeir að átta sig á þessari stórbreytingu á verzlunarlöggjöfinni
IP-SUB;leysing;nar;1907;20;0.25;fic;63262;BEDI;1;En meðan hún var að venjast því hafði hinn slæmi eiginleiki hennar jögunarsýkin þroskast
IP-MAT;leysing;nar;1907;20;0.25;fic;63273;BEDI;1;Um þetta var Einar að hugsa meðan hann reikaði þar um á milli húsanna
IP-MAT;leysing;nar;1907;20;0.25;fic;63306;BEDI;1;Um þetta var hann að brjóta heilann
IP-MAT;ofurefli;nar;1908;20;0.22;fic;63374;BEDI;1;Þorbjörn var að tala
IP-SUB;ofurefli;nar;1908;20;0.22;fic;63460;BEDI;1;Hvernig stóð á því að hann var alt af að efast um eitthvað sem aðrir menn taka gilt ?
IP-SUB;ofurefli;nar;1908;20;0.22;fic;63465;BEDI;1;Hugur hans hvarf aftur í tímann þegar guðfræðin hafði ætlað að verða trú hans ofurefli þegar honum hafði orðið það ljóst að allur þorri þess sem hann var að læra var ekkert annað en heilaspuni afar ófullkomnar tilraunir manna til þess að gera sér grein fyrir ráðgátum tilverunnar tilraunir sem óvitrir og drotnunargjarnir menn höfðu sett í hásæti sannleikans og gert að harðstjórum heilvita mannsandans
IP-MAT;ofurefli;nar;1908;20;0.22;fic;63481;BEDI;1;og var að lesa frásagnir frá Sálarrannsóknarfélaginu brezka
IP-SUB;ofurefli;nar;1908;20;0.22;fic;63482;BEDI;1;En honum veitti örðugt að festa hugann við það sem hann var að lesa
IP-MAT;ofurefli;nar;1908;20;0.22;fic;63544;BEDI;1;Hann var að leika sér með fóstursystkinum sínum um vetur frammi í bæjardyrum
IP-MAT;ofurefli;nar;1908;20;0.22;fic;63640;BEDI;1;Hann var líka að hressa sig í góðviðrinu
IP-SUB;ofurefli;nar;1908;20;0.22;fic;63768;BEDI;1;Og latinusöngurinn var hátíðlegur í eyrum manna fram af því að fæstir skildu nokkurt orð í honum né gerðu sér neina hugmynd um hvað verið var að syngja
IP-SUB;ofurefli;nar;1908;20;0.22;fic;63943;BEDI;1;Það var presturinn sem var að fara inn í kotið
IP-SUB;ofurefli;nar;1908;20;0.22;fic;64125;BEDS;1;Hann hljóp eins og hann væri að flýja illviður
IP-SUB;ofurefli;nar;1908;20;0.22;fic;64255;BEDI;1;Síðast heyrði hann það til móður sinnar að hún var að tauta við sjálfa sig með fullan munninn
IP-SUB;ofurefli;nar;1908;20;0.22;fic;64784;BEDI;1;En ekki varð prestur þess fullvís hvort Grímsi tæki nokkuð verulega eftir því sem hann var að segja honum
IP-MAT;ofurefli;nar;1908;20;0.22;fic;64863;BEDI;1;og var að búa sig undir sunnudagsræðuna
IP-SUB;ofurefli;nar;1908;20;0.22;fic;64879;BEDS;1;Samt var hún einhvern veginn svo undarlega varfær Eins og hún væri að dyljast Eins og hún væri að gæta þess vandlega að breiða fyrir gluggana láta ekki sjá of miklu bregða fyrir innan við
IP-SUB;ofurefli;nar;1908;20;0.22;fic;64946;BEDI;1;Nú skildi prestur hvað hún var að fara
IP-SUB;arin;rel;1920;20;0.23;ser;65102;BEPI;1;Í raun og veru er enginn tími til nema stundin sem er að líða
IP-MAT;arin;rel;1920;20;0.23;ser;65210;BEPI;1;Á leiðinni gegnum skuggann ert þú ef til vill að læra það sem þér reið mest á
IP-SUB;arin;rel;1920;20;0.23;ser;65216;BEPS;1;Og ýmislegt bendir á að sú trú frumkristninnar sé að eflast á vorum dögum
IP-SUB;arin;rel;1920;20;0.23;ser;65233;BEPI;1;En á slíkum degi sem þessi er lítum vér eigi síður fram en aftur fram til hins óborna tíma eða þess sem er að fæðast
IP-MAT;arin;rel;1920;20;0.23;ser;65401;BEPI;1;Allt af eru þeir að leita síns eigin vilja
IP-MAT;arin;rel;1920;20;0.23;ser;65467;BEDI;1;Hún var að vinna að einhverju
IP-MAT;arin;rel;1920;20;0.23;ser;65474;BEPI;1;hún er að hugsa um einhvern forystumann mannkynsins
IP-SUB;arin;rel;1920;20;0.23;ser;65583;BEDI;1;Sjálfsagt hefir Jesús oft horft á er menn voru að plægja þar eystra um hans daga og beittu hestum múlösnum eða nautum fyrir plóginn
IP-MAT;arin;rel;1920;20;0.23;ser;65614;BEPI;1;Með yfirlýsingunni er þá Jesús að mæla fram með sjálfum sér
IP-MAT;arin;rel;1920;20;0.23;ser;65668;BEPI;1;Og hér er hann að kenna oss hvernig því lögmáli er háttað sem tryggir oss sálarfriðinn
IP-MAT;arin;rel;1920;20;0.23;ser;65713;BEDI;1;Sólin var að setjast
IP-MAT;arin;rel;1920;20;0.23;ser;65765;BEDI;1;og voru þeir að tala við hann
IP-SUB;arin;rel;1920;20;0.23;ser;65769;BEDI;1;Meðan hann var enn að tala sjá þá skyggði bjart ský yfir þá
IP-MAT;arin;rel;1920;20;0.23;ser;66024;BEDI;1;Með henni var hann að lýsa þroskalögmáli guðsríkis
IP-SUB;arin;rel;1920;20;0.23;ser;66234;BEDI;1;Og að Jóhannes var að hefja mikilvæga hreyfing þess er hann fullvís
IP-MAT;margsaga;nar;1985;20;0.25;fic;66249;BEDI;1;Aðalverkefnið var að rakka
IP-MAT;margsaga;nar;1985;20;0.25;fic;66270;BEDI;1;en voru að rölta hver fyrir sig í rólegheitum með eina-einn-einn og eina-einn-einn spýtu jafnt og þétt daginn út og inn alveg frá fyrstu mínútu á morgnana og þar til yfir lauk
IP-SUB;margsaga;nar;1985;20;0.25;fic;66314;BEPI;1;Nei það sem ég er að meina er bara þetta að öll mæling er afstæð ekki að nýr dagur risi án þess hinum hefði lokið
IP-SUB;margsaga;nar;1985;20;0.25;fic;66315;BEPI;1;Þú veist hvað ég er að meina
IP-SUB;margsaga;nar;1985;20;0.25;fic;66334;BEPS;1;Það er aðalvandamálið með karlmenn sagði hún að það er ekki hægt að vera vingjarnlegur við þá án þess þeir haldi að maður sé að meina eitthvað með því Og ekki bara eitthvað heldur hitt
IP-MAT;margsaga;nar;1985;20;0.25;fic;66359;BEDI;1;Núna var hún að þvo þvott til að hafa allt hreint þegar hún færi norður á morgun
IP-SUB;margsaga;nar;1985;20;0.25;fic;66383;BEDI;1;Svo heyrði ég að hún var að koma
IP-SUB;margsaga;nar;1985;20;0.25;fic;66441;BEDI;1;Ég veit eiginlega ekki hvað ég var að hugsa hvort þetta átti að heilla hana alveg lárétta eða hvað það var
IP-MAT;margsaga;nar;1985;20;0.25;fic;66487;BEDI;1;og var að strjúka á mér ennið með köldum þvottapoka
IP-SUB;margsaga;nar;1985;20;0.25;fic;66539;BEDS;1;og einhvern veginn tókst mér að stynja því upp að ég væri að spekúlera í svona buxum
IP-SUB;margsaga;nar;1985;20;0.25;fic;66608;BEDS;1;enda var ég viss um að ég væri að vinna þarft verk
IP-SUB;margsaga;nar;1985;20;0.25;fic;66668;BEDI;1;Skáldið fann að það var að komast að kjötkötlunum
IP-SUB;margsaga;nar;1985;20;0.25;fic;66710;BEDI;1;Hann fann að þeir voru skoðun sem hann var að komast á
IP-SUB;margsaga;nar;1985;20;0.25;fic;66781;BEPI;1;Og stundum get ég hreinlega ekki varist brosi þegar Hermann er að auglýsa
IP-SUB;margsaga;nar;1985;20;0.25;fic;66786;BEDI;1;Hann hélt hendinni þannig að hann var alveg greinilega að tala í síma
IP-MAT;margsaga;nar;1985;20;0.25;fic;66794;BEDI;1;maðurinn var alls ekki að tala í síma
IP-MAT;margsaga;nar;1985;20;0.25;fic;66795;BEDI;1;heldur var hann að klóra sér í eyranu
IP-MAT;margsaga;nar;1985;20;0.25;fic;66822;BEDI;1;Um daginn var ég að láta renna úr baðinu heima hjá mér
IP-SUB;margsaga;nar;1985;20;0.25;fic;66859;BEDI;1;um daginn heyrði ég Gróu Jónsdóttur lýsa því hversu erfitt hefði oft verið að sitja í grasafræðitímum þegar kennarinn var að fara yfir plöntur sem fjölga sér með gróum
IP-MAT;margsaga;nar;1985;20;0.25;fic;66899;BEDI;1;Á sama tíma voru vesælir dópistar að innbyrða sín efni í kjallaranum undir öllu saman
IP-SUB;margsaga;nar;1985;20;0.25;fic;66904;BEDI;1;Þá sá ég lítinn dreng sem var að skarkalast eitthvað með öskutunnur í garðshorni rétt við gangstéttina
IP-MAT;margsaga;nar;1985;20;0.25;fic;66956;BEPI;1;og er að virða fyrir mér myndina af þér sem birtist allt í einu í blaðinu einn morguninn
IP-MAT;margsaga;nar;1985;20;0.25;fic;67188;BEDS;1;enda væri ég að bregðast trúnaði höfundarins ef ég reyndi slíkt
IP-MAT;margsaga;nar;1985;20;0.25;fic;67203;BEPI;1;og eru stundum að fjalla um hana á ákaflega ósanngjarnan hátt
IP-MAT;margsaga;nar;1985;20;0.25;fic;67215;BEDI;1;Með þessari útgáfu var ég auðvitað að setja ljós mitt undir mæliker
IP-SUB;margsaga;nar;1985;20;0.25;fic;67226;BEDI;1;Ég man eftir því úr bernsku að fólk var stundum að tala um drauma sína
IP-SUB;margsaga;nar;1985;20;0.25;fic;67275;BEDS;1;og fannst eins og flugmaðurinn væri að kalla til mín
IP-MAT;margsaga;nar;1985;20;0.25;fic;67338;BEDI;1;Á tjaldinu var eldflaugin að hefja sig til flugs
IP-SUB;margsaga;nar;1985;20;0.25;fic;67343;BEDS;1;Vinalegt skrjáf í poppkorni fyllti salinn eins og samstilltur kór væri að hvísla í sífellu Velkomnir velkomnir
IP-MAT;margsaga;nar;1985;20;0.25;fic;67795;BEDI;1;Ég var lengi að safna kjarki
IP-MAT;margsaga;nar;1985;20;0.25;fic;67809;BEDI;1;Sennilega var hann að fletta upp í einhverri spjaldskrá
IP-MAT;margsaga;nar;1985;20;0.25;fic;67826;BEDI;1;og var að borða döndul
IP-MAT;margsaga;nar;1985;20;0.25;fic;67864;BEDI;1;Konan mín var að horfa á sjónvarpið
IP-SUB;margsaga;nar;1985;20;0.25;fic;67950;BEDI;1;Hvað var maðurinn að gefa í skyn ?
IP-SUB;sagan;nar;1985;20;0.31;fic;67953;BEDI;1;umræðuefnin flögruðu á meðan menn voru að koma sér fyrir í lágum hægindum og sessum
IP-MAT;sagan;nar;1985;20;0.31;fic;68031;BEDI;1;Þau voru að koma frá því að sjá Rauðu kvenliðasveitina fyrstu kínversku kvikmyndina sem Vesturlandabúar fengu að skoða frá því í Menningarbyltingu
IP-MAT;sagan;nar;1985;20;0.31;fic;68221;BEDI;1;Sem betur fer var bara verið að tékka á konunum þannig að þessar örfáu kallhræður voru stikkfrí
IP-SUB;sagan;nar;1985;20;0.31;fic;68248;BEDI;1;Var einhver að kalla á mig ?
IP-MAT;sagan;nar;1985;20;0.31;fic;68277;BEDI;1;Rétt í þessu var ég að uppgötva að ég er búinn að gleyma fornbókasalnum
IP-MAT;sagan;nar;1985;20;0.31;fic;68302;BEDI;1;og nú rétt í þessu var að bætast við röddin
IP-MAT;sagan;nar;1985;20;0.31;fic;68363;BEPI;1;Við erum að stanga úr tönnunum þegar Erna birtist
IP-SUB;sagan;nar;1985;20;0.31;fic;68400;BEPS;1;Mamma kontrólerar reglulega að allir séu að borða
IP-SUB;sagan;nar;1985;20;0.31;fic;68413;BEPI;1;hann bara talar svo lágt drengurinn að það er ómögulegt að heyra hvað hann er að segja
IP-SUB;sagan;nar;1985;20;0.31;fic;68488;BEPS;1;Eins og annar maður sé að reyna að brjótast út á næturnar
IP-SUB;sagan;nar;1985;20;0.31;fic;68504;BEDI;1;Mér verður litið út um gluggann eins og til að öðlast samband við það sem ég var að lesa
IP-MAT;sagan;nar;1985;20;0.31;fic;68606;BEPI;1;og er ekkert að hirða um að botna setningarnar
IP-SUB;sagan;nar;1985;20;0.31;fic;68796;BEPI;1;og tekur strikið inn í leikskólaveröldina þar sem áþekk gúmmídýr eru að athafna sig á vélskóflu rólu og vegasöltum
IP-MAT;sagan;nar;1985;20;0.31;fic;68834;BEPI;1;og í augnablikinu er ég að vélrita skáldsögu
IP-SUB;sagan;nar;1985;20;0.31;fic;68900;BEDI;1;Pabbar á rúmstokknum ef mömmur voru að þvo sér um hárið
IP-SUB;sagan;nar;1985;20;0.31;fic;69060;BEDS;1;alltaf eins og hann væri að hisja upp um sig buxurnar með úlnliðunum
IP-SUB;sagan;nar;1985;20;0.31;fic;69117;BEPI;1;Ég sé hann er að rugla saman við Lugga
IP-SUB;sagan;nar;1985;20;0.31;fic;69154;BEDS;1;Ég er viss um að það væri hægt að skrifa skáldsögu um svona blokk
IP-MAT;sagan;nar;1985;20;0.31;fic;69221;BEPI;1;Bylgja er að átta sig á þessu þegar ég kem og leiði hana í allan sannleika
IP-MAT;sagan;nar;1985;20;0.31;fic;69223;BEPI;1;Ég er ekkert að segja henni frá bölspám píparans
IP-SUB;sagan;nar;1985;20;0.31;fic;69428;BEPI;1;Uml og ið á meðan við erum aftur að komast í þessa flóknu stellingu
IP-SUB;sagan;nar;1985;20;0.31;fic;69601;BEDI;1;Í rauðabítið morguninn eftir vaknaði Andri við að Bylgja var að mæla sig
IP-MAT;sagan;nar;1985;20;0.31;fic;69749;BEDI;1;Síðustu vagnarnir voru að fara heim en enginn í Uppheimana hvað þá Kópavoginn
IP-SUB;sagan;nar;1985;20;0.31;fic;69758;BEDI;1;og horfðu framan í mann sem var að reyna að ná sambandi við þau með pínulitlu vasaljósi og ennþá minni ensku
IP-SUB;sagan;nar;1985;20;0.31;fic;69804;BEDS;1;Þorpsbúar flykktust að eins og þeir væru að taka á móti ömmu sinni
IP-MAT;mamma;nar;2008;21;0.23;fic;69996;BEDI;1;Klukkan tólf á miðnætti var hann að paufast um úti í garði að skjóta rakettum á meðan ég stóð álengdar og reyndi að gera skil öllu smádótinu barnið á heimilinu
IP-SUB;mamma;nar;2008;21;0.23;fic;70010;BEDI;1;og gleymdi að njóta hennar þótt mér hefði fundist hún dálítið skemmtileg þegar ég var að setja hana saman
IP-SUB;mamma;nar;2008;21;0.23;fic;70016;BEDI;1;Á meðan ég var að tala við Eirík tæknifræðing var eins og ég væri fullur gleði yfir þessu samtali eða fullur örvæntingar yfir því að honum líkaði kannski ekki við mig Eða bara fullur
IP-MAT;mamma;nar;2008;21;0.23;fic;70023;BEDI;1;enda vorum við að tala um lagnir
IP-SUB;mamma;nar;2008;21;0.23;fic;70148;BEDI;1;Þegar hann var að byrja að skrifa og það kom frá honum skáldsaga á hverju ári fyrir utan ljóðin og smásögurnar og blaðagreinarnar þá var snerpa í setningunum hans
IP-SUB;mamma;nar;2008;21;0.23;fic;70177;BEDI;1;Ég sá að Ómi var að horfa á mig
IP-SUB;mamma;nar;2008;21;0.23;fic;70180;BEDI;1;en ég sá að hann var að hugsa Af hverju er hann alltaf að standa upp ?
IP-MAT;mamma;nar;2008;21;0.23;fic;70328;BEDI;1;og var alltaf að lita á sér hárið
IP-MAT;mamma;nar;2008;21;0.23;fic;70335;BEDI;1;og var lengi að finna gripin
IP-SUB;mamma;nar;2008;21;0.23;fic;70522;BEPI;1;og stundum spiluðum við badminton í hádeginu eins og þennan dag sem ég er að reyna að skrifa um þegar ég kom hjólandi úr vinnunni með badmintontöskuna á bakinu og poka með silungi í körfunni framan á stýrinu
IP-SUB;mamma;nar;2008;21;0.23;fic;70550;BEDS;1;Þú varst ekki einu sinni með í bítlaæðinu þótt þú værir að spila á þeim árum
IP-MAT;mamma;nar;2008;21;0.23;fic;70556;BEPI;1;Þú ert að horfa á leik
IP-MAT;mamma;nar;2008;21;0.23;fic;70559;BEDI;1;eða kannski var þetta bara Pjatti að svara fyrir hann
IP-SUB;mamma;nar;2008;21;0.23;fic;70583;BEPI;1;Hverjir eru að keppa ? kallaði ég úr eldhúsinu yfir vatnsniðinn á meðan ég hreinsaði silunginn í vaskinum
IP-MAT;mamma;nar;2008;21;0.23;fic;70608;BEPI;1;Það er verið að hengja upp þvott
IP-MAT;mamma;nar;2008;21;0.23;fic;70609;BEPI;1;og það er verið að æfa sig á píanóið og fiðluna og klarínettuna og öll þessi hljóðfæri venjulega fólksins
IP-SUB;mamma;nar;2008;21;0.23;fic;70643;BEPI;1;Ég fer þangað stundum þegar ég er að ganga með Pjatta rétt eins og ég fer stundum á Hálogaland þegar ég er í vinnunni nema munurinn er sá að Stuðlasel er ekki til
IP-SUB;mamma;nar;2008;21;0.23;fic;70772;BEDS;1;Það var eins og hann væri alltaf að leita að raunveruleikanum sínum
IP-MAT;mamma;nar;2008;21;0.23;fic;70821;BEDI;1;Hann var bara að spjalla
IP-MAT;mamma;nar;2008;21;0.23;fic;70841;BEDI;1;Hann var að múrísera
IP-MAT;mamma;nar;2008;21;0.23;fic;70859;BEDI;1;Við vorum að bíða eftir einhverju Að veðrið batnaði að við yrðum fimmtug eftir nýrri ríkisstjórn nýrri sýn nýrri hugljómun Eftir afmarkaðri stund
IP-MAT;mamma;nar;2008;21;0.23;fic;70860;BEDI;1;Við vorum að bíða eftir því að við yrðum ein
IP-MAT;mamma;nar;2008;21;0.23;fic;70872;BEPI;1;Já já hann er úti í garði eins og venjulega að klippa hekkið
IP-SUB;mamma;nar;2008;21;0.23;fic;71007;BEDS;1;og fann ævinlega einhvern sting þó að hún væri kannski bara að borða epli
IP-SUB;mamma;nar;2008;21;0.23;fic;71010;BEDI;1;ég man varla hvað við vorum að læra
IP-MAT;mamma;nar;2008;21;0.23;fic;71011;BEDI;1;sennilega var ég að læra mannúðarmálfræði en hún í geimréttarhagfræði
IP-MAT;mamma;nar;2008;21;0.23;fic;71025;BEDI;1;Það var að vora
IP-SUB;mamma;nar;2008;21;0.23;fic;71158;BEPS;1;Ég segi ekki að það sé eins og hann sé að heimsækja Gísla á Uppsölum
IP-MAT;mamma;nar;2008;21;0.23;fic;71205;BEDI;1;Þau voru bara öll undir þessu háa tré að vandræðast eitthvað
IP-SUB;mamma;nar;2008;21;0.23;fic;71254;BEDI;1;Hann var hjá Gróu ömmu og Hólmkeli afa uppi í Hlíðum þegar Kata var að vinna
IP-SUB;mamma;nar;2008;21;0.23;fic;71363;BEPS;1;Vinirnir segja nöfn sín skýrt og skilmerkilega eins og þeir séu að gefa sig fram í nýjum bekk
IP-MAT;mamma;nar;2008;21;0.23;fic;71611;BEDI;1;og við vorum að búast til farar þegar hann staðnæmdist snögglega spennti vöðvana leit á herbergishurðina hjá pabba sperrti eyrun og leit á mig
IP-MAT;mamma;nar;2008;21;0.23;fic;71777;BEDI;1;Þegar ég kom inn var pabbi að setja á disk afganginn af fiskigratíninu sem við höfðum borðað
IP-SUB;ofsi;nar;2008;21;0.23;sag;71810;BEDI;1;þegar ég var að alast upp í Hvammi í Vatnsdal var mitt fólk eins og flestir aðrir Húnvetningar í liði með Kolbeini unga Svo mjög að faðir minn var með Kolbeini og Gissuri í liði á Örlygsstaðafundi
IP-SUB;ofsi;nar;2008;21;0.23;sag;71822;BEDS;1;Það voru reyndar gamanmál og rægitungur á sveimi um að hann væri fyrst og fremst að vingast við okkur Ásgrím til þess að komast þannig í mjúkinn hjá Kolfinnu systur okkar sem allir menn horfðu á löngunaraugum og Þórður átti reyndar síðar eftir að eignast dóttur með
IP-MAT;ofsi;nar;2008;21;0.23;sag;71828;BEDI;1;Sturla Þórðarson var stundum að ráðgast við aðra af leiðtogum þeirra
IP-SUB;ofsi;nar;2008;21;0.23;sag;71832;BEDS;1;hugsaði að það væru hvort sem er vonlausar hugmyndir eða vanhugsaðar áætlanir sem þeir væru að brjóta heilann um
IP-SUB;ofsi;nar;2008;21;0.23;sag;71839;BEDI;1;hvort sem var verið að leggja á ráðin um að koma Gissuri Þorvaldssyni fyrir kattarnef eða hvað ætti að gera með vandræðin sem gátu hlotist af Þorgilsi skarða þá voru það bara innfæddir Sturlungar sem stungu saman nefjum og svo Hrafn Oddsson
IP-SUB;ofsi;nar;2008;21;0.23;sag;71849;BEDS;1;Mér fannst þeir alltaf horfa á mig eins og þeir væru að hugsa hvað er þessi huglausi Húnvetningur eiginlega að ybba sig ?
IP-MAT;ofsi;nar;2008;21;0.23;sag;71870;BEDI;1;Þórður var að tala við einhverja menn
IP-SUB;ofsi;nar;2008;21;0.23;sag;71939;BEDS;1;og öll þau víðáttumiklu og-og-og hlýju og-og-og grösugu lönd sem urðu á leið minni og allur mannfjöldinn sem var samankominn í bæjunum og hinar tignarlegu byggingar borgarinnar eilífu og kirkjan mikla þar sem var sérstök annexía fyrir þá norræna menn sem voru komnir til að taka skriftir allt þetta styrkti þá hugmynd mína að það væri engu góðu þóknanlegt og skemmti einum saman skrattanum að við Íslendingar værum sífellt að vegast á í stað þess að reyna að lifa í friði í landi okkar
IP-SUB;ofsi;nar;2008;21;0.23;sag;71977;BEPI;1;Og alltaf þegar mér líður hvað verst með þessar hugsanir og langar í rauninni helst til að liggja einn og í myrkri með hugarkvalirnar þá er hún Þuríður nógu ónærgætin til að fara að slá mig utanundir með svigurmælum alveg eins og Steinvör á Keldum er alltaf að húðstrýkja sinn mann
IP-SUB;ofsi;nar;2008;21;0.23;sag;72063;BEDI;1;og það birtist alltaf sjónum mínum um það bil sem ég var loks að ná friði svefnsins í sálina
IP-MAT;ofsi;nar;2008;21;0.23;sag;72163;BEDI;1;Hákon konungur var stundum að þýfga mig um það á hvern hátt hann gæti keypt okkur Íslendinga til þess að gerast hans þegnar
IP-MAT;ofsi;nar;2008;21;0.23;sag;72226;BEDI;1;var sífelldlega að gefa fyrirmæli um vopnabúnað og varðhöld
IP-SUB;ofsi;nar;2008;21;0.23;sag;72236;BEDI;1;og ég fann að hann meinti það sem hann var að segja
IP-SUB;ofsi;nar;2008;21;0.23;sag;72300;BEDS;1;Viðraði samt efasemdir um hvort við ættum að flýta okkur jafn mikið og hann hvatti til hvort ekki væri réttara að fá til liðs við okkur bandamenn og félaga aðra þá sem Þórður hafði fengið til að gæta ríkis síns og var á meðal annars að hugsa um svila minn Eyjólf Þorsteinsson í Skagafirðinum
IP-MAT;ofsi;nar;2008;21;0.23;sag;72302;BEDI;1;og ég var líka að hugsa um að trúlega væri betra að hafa slíka menn í ráðum frá upphafi en að eiga kannski á hættu að þeim mislíkaði að vera hafðir útundan og myndu því jafnvel tregari til aðgerða síðar þegar á reyndi
IP-SUB;ofsi;nar;2008;21;0.23;sag;72333;BEDI;1;Er hann þó sannkallað heljarmenni eins og ég varð vitni að eftir frægan fund okkar Þórðar kakala hjá Hákoni konungi þegar Þórður mætti með skrifuðu rolluna sína og kóngur var að reyna að bræða með sér hvorum okkar hann treysti betur til að ráðskast með mál á Íslandi
IP-MAT;ofsi;nar;2008;21;0.23;sag;72357;BEDI;1;Þórður var að fá sér drykk undir þessum orðum
IP-MAT;ofsi;nar;2008;21;0.23;sag;72364;BEDI;1;Og hann var ekkert að láta ganga á eftir sér
IP-MAT;ofsi;nar;2008;21;0.23;sag;72439;BEDI;1;voru um hríð að snuddast hér á hlaðinu Í bland við mína vinnumenn og stráka
IP-MAT;ofsi;nar;2008;21;0.23;sag;72456;BEPI;1;og ég er að gefast upp á þessu
IP-SUB;ofsi;nar;2008;21;0.23;sag;72467;BEPI;1;Og ef Gissur er að búa sig undir frekari styrjaldir og úr því honum finnst óþarft að tala við mig um slíkt þá ákvað ég að taka saman föggur mínar og flytjast héðan
IP-MAT;ofsi;nar;2008;21;0.23;sag;72470;BEDI;1;Svona var ég að hugsa nú í morgun eftir erfiða nótt búin að gera þetta upp við mig
IP-SUB;ofsi;nar;2008;21;0.23;sag;72498;BEDI;1;ef þessir menntuðu snillingar tveir voru að brjóta til mergjar eitthvert mikilsvert og flókið mál þá vildi Snorri gjarnan vita hvað ég hefði til málanna að leggja
IP-MAT;ofsi;nar;2008;21;0.23;sag;72524;BEDI;1;Nákvæmlega þetta var ég að hugsa þegar þeir Hrafn Oddsson og Sturla skáld Þórðarson knúðu dyra hjá mér um miðja nótt á jólum og vildu fá mig með í leiðangur til að drepa Gissur Þorvaldsson þá nýsnúinn heim til landsins
IP-SUB;ofsi;nar;2008;21;0.23;sag;72591;BEDI;1;og það hvarflaði stundum að mér þegar ég var að reyna að koma honum til sjálfs sín til að geta ráðfært mig við hann að honum væri ekki lengur fyllilega ljóst í hverskonar leiðangri hann væri
IP-MAT;ofsi;nar;2008;21;0.23;sag;72604;BEDI;1;en við vorum þá allir að missa móðinn
IP-MAT;ofsi;nar;2008;21;0.23;sag;72697;BEDI;1;En ég var að tala um Eyjólf Þorsteinsson
IP-SUB;ofsi;nar;2008;21;0.23;sag;72738;BEDS;1;enda var þarna enginn annar en djákni að sunnan fulltrúi og umboðsmaður Skálholtsbiskups með svo kurteisu fasi að það var eins og biskupinn sjálfur væri að heimsækja einhvern konungborinn
IP-MAT;ofsi;nar;2008;21;0.23;sag;72750;BEPI;1;ég er ekkert að draga úr því
IP-SUB;ofsi;nar;2008;21;0.23;sag;72789;BEDS;1;Ég fann að Sturlu létti við að heyra þetta að þessum orðum sögðum var eins og hann fengi allt í einu hjartans trú á að þetta væri í alvöru að gerast að Gissur vildi láta af styrjöldum og auka veg og virðingu gamalla fjandmanna og af því Sturla er manna hrifnæmastur
IP-SUB;ofsi;nar;2008;21;0.23;sag;72816;BEDS;1;og fyrst og fremst vildi ég heyra álit Sturlu á því sem væri að gerast því að þann mann veit ég alvitrastan og hófsamastan
IP-SUB;ofsi;nar;2008;21;0.23;sag;72858;BEDS;1;en okkur var öllum ljóst er við kvöddumst að nýr dagur væri að renna upp í landi voru tímar ótta og skelfingar senn að baki
IP-MAT;ofsi;nar;2008;21;0.23;sag;72883;BEDI;1;enda var Þórður kakali ekki lengi að ryðja honum úr vegi eins og menn muna
IP-SUB;ofsi;nar;2008;21;0.23;sag;72884;BEDS;1;Ég fór að hugsa að ef staða mála væri nú á hinn veginn að foringi Skagfirðinga væri að leita dugandi leiðtoga fyrir okkur Haukdæli þá væri úrvalið nóg þótt mín nyti ekki við
IP-MAT;ofsi;nar;2008;21;0.23;sag;72904;BEDI;1;Ég var um það bil að detta niður á þá lausn að setja þá eða einhverja þeirra niður í Skagafirði
IP-MAT;ofsi;nar;2008;21;0.23;sag;72905;BEDI;1;var búinn að kaupa hið gamla og glæsta stórbýli Kolbeins unga Flugumýrina
IP-MAT;ofsi;nar;2008;21;0.23;sag;72969;BEDI;1;Og var að vona að hún myndi virða mig þeirrar ákvörðunar Fylgja sínum manni Og skilja jafnvel að ég er að hugsa um hennar hag
IP-SUB;ofsi;nar;2008;21;0.23;sag;72992;BEPI;1;ég get allt Þegar svörtu hundarnir eru ekki að sækja á mig
IP-SUB;ofsi;nar;2008;21;0.23;sag;72998;BEDS;1;Fyrsta hugsunin sem hvarflaði að mér er Gissur sagði eins og hann væri að tilkynna einhvern hversdagslegan hlut að hann væri að hugsa um að flytjast búferlum í Skagafjörð var sú að það yrði hann að eiga við sjálfan sig og sína samvisku
IP-SUB;ofsi;nar;2008;21;0.23;sag;73004;BEDI;1;Er við Gissur á sínum tíma tókum að hittast var hann enn í hjónabandi með Ingibjörgu heitinni dóttur Snorra Sturlusonar sem hann var látinn kvænast þegar hann var fimmtán ára og því meinbugir á okkar sambandi