,SOURCE,YEAR,LEFT,BE,VERB,RIGHT,Tense,(Temporal) Adverbials
58,HOMILIUBOK,1150,"Það er oss mest nauðsyn , að vér leitim við , að vér",sém búnir,,"við andláti óru ávallt hverja stund frá annarri , af því að vér vitum eigi , hvort vér tökum öndina, síð er vér hrindim henni frá oss.",PRES-SBJ,none
187,JARTEIN,1219,Varð þá hversvetna í leitað síðan þess er í hug kom og kom þó eigi gerð í mungát og skipti það dægrum mjög mörgum er svo búið stóð og þótti þá flestum nær sýnt að allt mundi ónýtast .,,,,,none
11,THETUBROT,1250,En er hann,var búinn,,ferðar sinnar og byr gaf þá hélt hann til hafs,PST,er
12,THETUBROT,1250,En er Egill,var búinn,,"og byr gaf .-. þá
siglir hann í haf",PST,er
189,ALEXANDER,1300,Hann gefur sendimönnum virðuligar gjafir og biður aftur fara við svo búið .,,,,,none
188,GRETTIR,1310,Hann brást við reiður er honum voru engin orð ger og kvað þá eigi svo búið skilja skyldu .,,,,,none
186,VILHJALMUR,1450,""" Eigi megum við svo búnir skilja "" sagði Herkúl "" því að þú hefir hring þann á hendi sem mér hefir lengi leikið afturmundur að og muntu vilja leggja hann fram og sé við þá kvittir . """,,,,,none
13,OKUR,1611,"og svo fá þó samt ugglaust eins og allt sé hreint og klárt og á allar síður viturlega og vel gjört,-, og stofnað svo sem sá ríki bóndi meinti um sig sem allar sínar kornhlöður",var búinn,að fylla,,PST,svo
142,OLAFUREGILS,1628,"En þeirra vinskap er svo háttað , Vallenzku og Tyrkjanna , að nær þeir",eru búnir,að kaupast við,"og eru komnir eina mílu út frá þeim illvirkjastað , þá slá hvorir aðra í hel vægðarlaust .",PRES,nær
46,GERHARD,1630,Þínar syndir hafa að sönnu straffið forþént en það straff,er (Guð) búinn,að leggja upp á,allareiðu að leggja upp á sinn hjartans son,PRES,allareiðu
47,GERHARD,1630,"Sá sem nú lét sér vera umhugað um þig þegar þú varst enginn , skyldi honum nú ekki vera um þig hugað þar hann",er búinn,að skapa,þig eftir sinni eigin mynd?,PRES,none
48,GERHARD,1630,"Já , hann gleymir oss enn nú ekki þó hann ",sé búinn,að framkvæma og fullgjöra,"vora endurlausn, heldur biður hann fyrir oss jafnlega þar hann nú situr til Guðs föður hægri handar ",PRES-SBJ,none
49,GERHARD,1630,Hvað er það að faðirinn skyldi ekki veita syninum þar hann,er búinn,að meðtaka,af honum svo mikið verð fyrir vora sáluhjálp svo sem faðirinn hefur látið sér vel lynda og líka ?,PRES,none
35,PISLARSAGA,1659,Þegar ég var nú,(var nú) búinn,að tala,við Jón yngra úti kom ég inn aftur í kirkjuna,PST,þegar
1,INDIAFARI,1661,"svo bar við einn tíma er mér féll sú fyrsta vakt til um kvöldið, sem voru tvær klukkustundir í senn, að vaktmeistarinn Kaspar sendi boð til mín, eftir það hann ",var búinn,að læsa,"slotsportinu að ég gengi af skildbekknum heim til hans, hvað þó ei plagaðist tíðum, og setti þann í staðinn í mína vakt ",PST,eftir
120,SKALHOLT,1680,Þá,búið var,að brenna,féll í ösku,PST,þá
121,SKALHOLT,1680,"En í vikunni eftir Pálsmessu um veturinn , þá höfuðsmaður reið suður um Nes og",var búinn,að skipa niður (assign?),"fólki og hann var kominn heim í veg inn til Kirkjubóls á Miðnesi , og hann hafði verið þar nótt",PST,þá
115,KLIM,1745,"Ég gekk til sængur , eftir það ég hafði meðtekið mitt embættesbréf og var orðinn siðvenjulegur hofhlaupari ; og þó ég væri gjörsamlega þreyttur , gat ég þó ei sofið mest alla þá nótt ; því ég gat ei slitið úr mínum þanka það hið ósæmilega embætti , sem mér",var búið,að veita ,"sýndist mér það í mesta máta ósæmilegt og óþolandi , að einn candidatus ministerii , og baccalaureus úr þeim stóra heimi , skyldi vera lítils virður hlaupari hér hjá undirheimabúum þessum .",PST,eftir
110,KLIM,1745,En eftir það ég,var búinn,að læra,"undirjarðarmálið , og allt var búið að segja mér , þá snerist allt mitt forakt í forundran .",PST,eftir
111,KLIM,1745,Allt þetta reyndi ég og aðgætti hið grandvarlegasta eftir það ég,var búinn,að nema,"undirheimamálið : Tók ég þá síðan að dæma miklu mjúklegar um þetta fólk , en áður , hvert ég hafði allt of mikið ófyrirsynju fordæmt .",PST,eftir
112,KLIM,1745,Eftir það ég,var búinn,að afleggja,"barnaskóna sem svo er kallað , eður var orðinn fullnuma í undirheimamálinu , kom ný skipan frá konungsgarðinum , að mér skyldi meir kenna , og inntaka mig í staðarins seminarium eður háskóla til ýmislegra kúnsta og embætta , svo að þarverandi Karatti gætu rannsakað mínar sinnisgáfur , og úrskurðað , til hvers ég mundi best hæfur vera .",PST,eftir
118,KLIM,1745,"Enginn má , undir lífsstraff , voga að gjöra útleggingar yfir það lögmál , sem einu sinni er opinberlega ",(er) búið,að staðfesta," svo sjálfræðinu eru meiri skorður settar í veraldlegum efnum , en í þeim andlegu .",PRES,none
119,KLIM,1745,"Maður skal ei vera fljótt auðtrúa , hverki þá lastað er né lofað ; heldur á maður að láta sinn úrskurð bíða þangað til , að maður er fyrst",(er fyrst) búinn,að gegnumskoða,og rannsaka hlutinn rétt innvirðulega .,PRES,fyrst
114,KLIM,1745,"Vegvísarinn vor , eður Karattinn , sem hingað hafði fært oss , bauð , að vér skyldum dvelja hér um kyrrt , inn til þess hann",væri búinn,að láta,"furstann vita , að vér komnir værum .",PST-SBJ,inn til þess 
109,KLIM,1745,"Eik þessi beraði minn handlegg og brjóst ; sló hún rétt laglega miðæðina með verkfæri þessu , og þegar hún hafði látið renna nokkuð blóð , svo mikið sem henni sýndist þurfa , þá batt hún til arminn aftur með eigi minni lagvirkni . Þá hún",var búin,að útrétta,"sitt erindi , og hafði skoðað blóðið þegjandi og forundrandi , gekk hún aftur sinn veg í burt .",PST,þá
113,KLIM,1745,Þá ég,var búinn,að lesa ,"hann í gegnum , gat ég alls engu orkað fyrir reiði og efasemd ; en það mitt ráðstöfunarbréf var innifalið í eftirfylgjandi orðum :",PST,þá
116,KLIM,1745,En þá,búið var,að halda,"ráðstefnuna og safna saman meiningunum , þá var forkastað þessu forslagi , svo sem það væri ógrundað , dárlegt , og landslýðnum skaðlegt ; því þeir meintu , að þetta mundi vekja mikinn óróa og óeining meðal þeirra konunglegu prinsa ;",PST,þá
117,KLIM,1745,"Í þessu samkvæmi er allt gjörsamlega yfirvegað , sem að gagni er framsett eður aðfundið slíkum lagasetningi , annað hvert til að staðfesta hann eður ónýta , samþykkja eður forbetra , vana eður auka ; og þá lögvitringarnir",eru búnir,að laga,"það rétt til og hreinskrifa , er það loksins sent furstanum til staðfestingar og undirskriftar áður en það er auglýst fyrir alþýðu  Þetta langa volk mun sýnast sumum hlægilegt .",PRES,þá
207,KLIM,1745,en þá hann var,(var) búinn,að yfirvega,"það sem honum hafði einu sinni skilist og úrskurðaði ekkert , fyrr en hann hafði sem fyllilegast yfirvegað það ; þá mátti með öllum rétti um hann segja , að hann hefði meira sýslað en tíu aðrir",PST,þá
208,KLIM,1745,"Eptir það menn höfðu sig mettað , og borð voru ofantekinn , óskaði furstinn að sjá minn vitnisburð ; og þá hann ",(var) búinn,að lesa,"hann sá
hann mig til fótanna",PST,þá
209,KLIM,1745,Þá nú ,búið var,að tilkynna,"mér allt þetta , var kallað á einhvern kiva , eður sekretera , sem mig skyldi teikna , ásamt öðrum nýkomnum candidatis , í þá bók , sem í voru rituð nöfn þeirra , sem verðugir voru að setjast til embætta .",PST,þá
50,FIMMBRAEDRA,1790,"Patríarkinn kvað þetta vel stofnað , en hans áform útheimta langan tíma til framkvæmdar , því fyrst yrði guð ekki réttilega dýrkaður né tilbeðinn nema á ebresku tungumáli , svo yrðu þeir allir að læra vel ebreskuna , og nær þeir",væru búnir,,"að því yrðu þeir að iðka og yfirfara lögmálið og Móisesbækurnar , líka spámennina og Davíðssálma .",PST-SBJ,nær
51,FIMMBRAEDRA,1790,"Gyðingar sóttu og mikið eftir að plægja þá í öllum kaupum og sölum , svo þá þeir",voru búnir,að dvelja,"þar hálft annað ár var uppgenginn mesti partur þeirra fjármuna , því kennsla þeirra og forsorgun varð þeim mjög dýr , svo jarlsson tók nú að iðrast eftir að hann hafði gefið sig á þeirra vald , því hann þóttist sjá að nær þeir væru félausir orðnir mundu gyðingar selja þá í þrældóm , því þó þeir tækju þeirra trú mundu þeir aldrei taka þá í þeirra kynkvíslatölu , og yrðu þeir því að vera sem útlendingar meðal þeirra alla ævi .",PST,none
40,JONSTEINGRIMS,1791,"Komu og 6 menn með henni að norðan, sem og léðu hesta, og kostaði mig þá ferð og fyrirhöfn 80 dali slétta. En allan þann kostnað ",var (ég) búinn,að uppvinna,"og betur til, á 4 árum þar eftir .",PST,none
168,JONSTEINGRIMS,1791,Nær eg skyldi hvílast og,búið var,að draga af mér,stígvélin dregur hún af mér sokkana sjálf .,PST,nær
41,JONSTEINGRIMS,1791,"Fóru öll þau skjöl til biskups sem mér aftur tilskrifaði , og sagði ef eg vildi stunda upp á geistleg embætti svo skyldi eg koma í Skálholt það bráðasta og taka þar vígslu .
En þar eg hafði á ölmususkóla verið þorði eg ei annað en hlýða þeirri kallan .",Var (þó) búinn (svo),að forbetra,og byggja jörðina Hellur að ei ætlaði þaðan auðveldlega að fara ,PST,svo
36,JONSTEINGRIMS,1791,Og þá eg og lagsmaður minn vildum léttan á leggja vorum við,(vorum við) búnir,,"með mælir vorn um miðmunda og nónbil
",PST,þá
37,JONSTEINGRIMS,1791,"Hún sendi þangað ráðsmann sinn um sumarið , þá sláttur var kominn , og hyski með honum
og lét taka af oss hálfan eldivið , hálf tún og engjar og lá við um heyið sjálft er",búið var,að hirða,Bauð sýslumaður okkur að dæma þennan umgang af .,PST,þá
43,JONSTEINGRIMS,1791,"Kom þar þá annar maður , sem eg setti til að hindra með öðrum hætti fyrir honum , meðan eg uppnæði inntaki úr prédikun þeirri , er eg átti að framflytja sjálfan hátíðisdaginn , en eg átti prédikanir , sem áður hafði brúkað hina dagana . Stóðst á að",ég (var) búinn,,með prédikunina og maðurinn gat ei lengur tafið fyrir hönum,PST,þá
44,JONSTEINGRIMS,1791,"Þessu mínu loforði við hans guðdómlegu hátign gleymdi eg , æ því miður , hvar fyrir einn fagran hvítasunnuhátíðisdag á Sólheimum þá þar var fjöldi fyrir utan sóknarfólkið samankominn tók guð svo frá mér allt minni í prédikunarstólnum , þá",eg var búinn,,"með exordíum , að eg mundi ei nokkurt orð af því framflytja ætlaði og eg gagnkunni og varð svo að fara jafnnær ofan úr stólnum aftur .",PST,þá
45,JONSTEINGRIMS,1791,Mr. Jón Scheving bróðir hans var þá og,(var) búinn,að gefa sig,"í soldátastétt , svo hér bættist eitt á annað .",PST,þá
38,JONSTEINGRIMS,1791,Hann hélt manni mínum svo lengi hjá sér þar til,búin voru,,,,none
39,JONSTEINGRIMS,1791,"Eg klæddi mig í 7faldan klæðnað en þeir 5faldan, létum brauð í vasa okkar en starfhníf í einn smjördall svo við skyldum hafa þennan mat uppi við ef ei til annars næðum hvað og svo upp á kom",vorum (við) búnir,,áður dagur rann upp .,PST,none
42,JONSTEINGRIMS,1791,"Hann fer inn, er þar stundarkorn, kemur út aftur og segir : Eg",er búinn ,að leita ,um allt og er hér engin stöng.,PRES,none
122,PILTUR,1850,"Vinátta sú og ylur , sem verið hafði með þeim , á meðan þau voru börn",var (nú) búinn,að taka,"aðra stefnu í hjörtum þeirra og snúinn í heita og einlæga ást , er þau báru hvort til annars .",PST,nú
123,PILTUR,1850,"líður nú fram að hádegi , eru þær Sigríður og Grána þá",(eru) búnar,að færa,"leikinn út í mitt túnið ,",PRES,nú
124,PILTUR,1850,"Ég vildi helst , að þú",værir búinn,að taka við,því öllu saman og ég mætti hírast hérna í kofunum ; hafa skemmugreyið mitt út af fyrir mig ; nokkrar kindur í heyjum og afgjaldið af þessum fáu jarðaskikum ;,PST-SBJ,none
212,PILTUR,1850,"Ormur kvað það ekki sæma , að menn erfðu slíkt lengi . Þá skal ég ekki",skal ég ekki vera búinn,að gleyma,"því í kvöld , sagði Ingveldur ,",FUT,none
213,PILTUR,1850,Eftir að,búið (var),að kveikja,"og borða , minntist Sigríður á , hvort ekki ætti að fara að spila ;",PST,none
214,PILTUR,1850,ég held hún,sé búin,að míga,niður úr sér öllum pæklinum,PRES-SBJ,none
215,PILTUR,1850,Ég,er búinn,að fullreyna mig,á henni,PRES,none
216,PILTUR,1850,"Um það leyti , sem Guðmundur",var búinn,að drekka,"kaffið , víkur Ingveldur talinu til Bárðar",PST,none
202,HUGVEKJUR,1859,"Enn fremur var það oftraust á sjálfum sér , sem kom Pétri til að fylgja Jesú , eftir að",búið var,að handtaka,"hann , jafnvel þó Jesús væri nýbúinn að vara hann með þessum orðum : "" Þangað sem ég fer , getur þú ekki fylgt mér að sinni "" .",PST,eftir 
203,HUGVEKJUR,1859,"og fyrr en þig varir , ert þú ",búinn,að draga dám,"að draga dám af þínum óguðlegu sessunautum , og endar með því að afneita frelsara þínum .",PRES,fyrr
90,HUGVEKJUR,1859,Jesús ,var (nú) búinn,að skipa,hið heilaga kvöldmáltíðar-sakrament,PST,nú
94,HUGVEKJUR,1859,Nú var grasgarðspína frelsarans afstaðin ; hann ,(var nú) búinn,að vekja,lærisveina sína með þessum orðum,PST,nú
91,HUGVEKJUR,1859,og (Jesús),(var) búinn,að kveðja,"lærisveina sína með þeirri guðdómlegu skilnaðarræðu , sem lesa má hjá Jóhannesi guðspjallamanni í 15.-17. kapít.",PST,nú 
95,HUGVEKJUR,1859,En þegar hann,er búinn,að reka ,"Jesú úr hjarta sínu , þá brýst þar inn flokkur óhreinna anda og syndsamlegra girnda , sem hrekja manninn á lastanna veg , þangað til myrkranna vald hefir algjörlega fengið yfirráð yfir honum og hann verður syndarinnar þræll .",PRES,þegar
92,HUGVEKJUR,1859,hann (Jesús),var búinn,að biðjast fyrir,með þeim,PST,none
93,HUGVEKJUR,1859,og (Jesús),(var) búinn,að biðja fyrir þeim,,PST,none
154,ORRUSTA,1861,Létti Metternich eigi fyrr en hann var,(var) búinn,að ná upp,úr Hjörleifi hverju einasta beini ; voru þau að þessu alla nóttina .,PST,fyrr
8,ORRUSTA,1861,En þá var Marmier,var (Marmier) búinn,að lóga,"hrútnum fyrir löngu því að hann gaf
Lamartine hrútinn í sumargjöf",PST,þá-t
10,ORRUSTA,1861,""" Hvaða skelfing ertu lengi , Evgenía "" , sagði Napóleon . Nú",er (ég) búinn,,"""en það vantar axlabandahnapp í buxurnar þínar ;
ég ætla að festa hann á snöggvast ",PRES,nú
151,ORRUSTA,1861,"og fer yður sem sumum þeim , er alltaf lifa í fjárkláða og saltfiski , svo að þegar þeim verður illt , þá hugsa þeir að nú sé þeir",búnir,að fá,"fjárkláðann , eður ef þeir tapa túmarki , þá dettur þeim í hug að slíkt muni hafa áhrif á saltfiskinn .",PRES-SBJ,nú
155,ORRUSTA,1861,Þóttist Pútíphar nú vera ,búinn,að vera,lengi,PST,nú
153,ORRUSTA,1861,"Þá kallaði Metternich niður í hauginn og mælti : "" Hvaða skelfing eruð þér lengi , keisari góður , eða hefir draugurinn drepið yður ? "" "" Nei "" , sagði keisarinn , "" en ég er búinn að drepa drauginn ;",er búinn,að drepa,drauginn,PRES,none
102,TORFHILDUR,1882,"Frá því að Daði kom í hópinn , bolaði hann nær gjörsamlega Ólafi út , því að jafnskjótt sem eitthvað var að reiðtygjum Vilborgar ", var (Daði) búinn,að koma,"því í lag , áður en Ólafur , svo knár sem hann var , var kominn af baki ",PST,jafnskjótt og
103,TORFHILDUR,1882,"Héldu þau síðan til tjalda biskups, og var þá ferðinni lokið í bráð ",Var nú búið,að handtaka ,Guðmund Andrésson,PST,nú
105,TORFHILDUR,1882,Þau hentu knetti á milli sín og höfðu mikið gaman af að grípa hann á lofti . Nú,er ég búinn,að ná,"knettinum fjórum sinnum hvað eftir annað , en þú aldrei",PRES,nú
206,TORFHILDUR,1882,"Sökum þess sváfu nokkrir af piltum í kirkjuloftinu , en fluttu jafnskjótt sem sýkinni var aflétt aftur inn í svefnhús skólans , nema þeir Daði og Illugi sváfu úti á kirkjulofti enn . Var oft",(var) búið,að segja,"þeim að flytja inn , en það dróst .",PST,oft
101,TORFHILDUR,1882,"Þér kastið fjólunni, hún ",er (líka) búin,að lifa,sitt fegursta,PRES,none
104,TORFHILDUR,1882,En ég er nærri því,búin,að gleyma,"erindinu , "" sagði frúin "" og hví skyldi það ekki , þegar þú ferð að tala um dauðann ? """,PRES,none
106,TORFHILDUR,1882,""" Hví ferðu svo geyst , barn ? "" sagði biskup , er Ragnheiður litla vatt sér inn úr dyrunum og í fangið á föður sínum. Þú varst nærri",(varst) búin,að velta,um koll fyrir mér blekbyttunni með ofboðinu,PST,none
107,TORFHILDUR,1882,""" Vill Bjálki þá ekki koma ? "" Ég",var (nærri) búinn,að gleyma,"herra höfuðsmaður , "" sagði biskup , "" að bóndi sá , er giftur var í dag , býður yðar að sitja veizlu sína í kvöld",PST,none
108,VOGGUR,1883,"Hans Vöggur hafði verið vatnskarl í Reykjavík nær því svo lengi , sem menn mundu eftir . Og jafnlengi hafði hann raulað sömu vísuna með sama vísnalaginu fyrir munni sér , þegar hann",var búinn,að pósta, vatnið upp í föturnar sínar úr póstinum í Aðalstræti og var kominn á stað .,PST,þegar
87,VORDRAUMUR,1888,"Hef ég nokkurt vald til að banna sóknarbörnum mínum að kjósa þig ? Og er það nú syndsamlegt , þó ég , eftir kosninguna taktu eftir , eftir að",búið er ,að kjósa,"hver sem kosinn verður og hver sem annars hefði orðið kosinn gefi sóknarbörnum mínum upp þessar lítilvægu skuldir , sem þeir standa í við mig ?",PRES,eftir
88,VORDRAUMUR,1888,Hvað honum var rótt innanbrjósts eftir að hann ,var búinn,að finna,finna friðinn við sjálfan sig .,PST,eftir
201,VORDRAUMUR,1888,""" Ég kýs tengdason prófastsins , hann og engan annan hana nú ég",ég er búinn,að segja,"er búinn að segja það margsegja það "" .",,nú
85,VORDRAUMUR,1888,"Prófasturinn sjálfur og enginn annar var orsök í því , ef dóttir hans , og það slík dóttir , missti alla lífslukku sína . Hann",var búinn,að klæða sig,og opnaði svo gluggann og leit út á túnið og fram í hólmann .,PST,
78,VORDRAUMUR,1888,Þegar hann ,var búinn,að spyrja,"almæltra tíðinda úr höfuðstaðnum , fór hann að ganga um gólf og tala um hvað veðráttan hefði lengst af verið köld um vorið og hvað lífshagur hér á landi væri kaldranalega eintrjáningslegur",PST,þegar
81,VORDRAUMUR,1888,Frú Anna hafði hreina og fallega rödd og þegar hún,var búin,að syngja,"nokkur lög , hætti hún að syngja , og spilaði sönglaust á gítarinn eftir sínu höfði .",PST,þegar
82,VORDRAUMUR,1888,Þegar hún,var búin,að láta ,"rennigluggatjaldið fór hún að afklæða sig , en hætti svo allt í einu í miðju kafi ,
settist á stól við náttborðið , studdi hönd undir kinn og einblíndi fram fyrir sig .",PST,þegar
83,VORDRAUMUR,1888,það væri ógnarhægt að tala um skyldurækt þegar aðrir,væru búnir,að búa,"manni lífshreiður , svo maður þyrfti ekkert annað en að sitja þar eins og fugl á eggjum alla sína ævi og garga svo til vargsins fyrir utan , sem annað hvort ætti ill hreiður eða engin : ""  Skyldurækt , skyldurækt ! """,PST,þegar
86,VORDRAUMUR,1888,"Tölum nú rólega um þetta allt , ég sé að þú ert eitthvað æstur í hug , kannske eitthvert þessa heims barn hafi reynt til að eitra þína guðelskandi sál , tölum nú rólega , dæm þú mig og okkar mál allt , elsku Bjarni minn , þegar",er búinn,að tala,"þínum dómi vil ég glaður hlíta , en verum báðir umfram allt hógværir eins og kristnum sæmir og fordómalausir gerðu svo vel , hérna eru ný egg úr hólmanum okkar .",PRES,þegar
89,VORDRAUMUR,1888,"Honum fannst allt gott og göfugt í sál sinni vakna til nýs lífs , þegar hann",var búinn,að sigra,"allar þessar óhreinu æsingar , sem hann hafði verið í seinasta sólarhringinn .",PST,þegar
200,VORDRAUMUR,1888,Og þegar kjósandinn,var búinn,að kjósa,"Bjarna Sveinsson , þá sló prófasturinn tvö strik í kross með bláa blýantinum yfir alla blaðsíðuna .",PST,þegar
76,VORDRAUMUR,1888,"Svo hafði verið sent eftir bestu vinkonu Bjargar , sýslumannsekkjunni á Grund , næsta bæ við Stað , til þess að taka þátt í fögnuðinum yfir því að",búið var,að heimta,Bjarna heilan heim eftir ferðavolkið .,PST,none
77,VORDRAUMUR,1888,"Á þetta féllust líka flestir , nema Ingvar í Vík sem ",búinn var,að sækja um,"Hann sagði upp í opið geðið á prófastinum , að sér dytti ekki í hug að vinna það fyrir mannahylli , hver sem í hlut ætti , að kjósa sér þann sálusorgara , sem enginn þekkti að neinu .",PST,none
79,VORDRAUMUR,1888,"Bjarni vildi ekki aðhyllast þá skoðun tengdaföður síns tilvonandi , að það væri loftslaginu að kenna , að menn hér á landi væru svona ; hann sagði , að þessi stirðleiki og framkvæmdardeyfð væri engu öðru að kenna en óánægjunni með allt og alla , sem væri orðin eðli manna hér , og væri komin af því , að menntunin og menningin",væri ekki búinn,að ryðja,sér til rúms nema að hálfu leyti ; mönnum hefði furðanlega heppnast að læra það af útlendingum að gera miklar kröfur til lífsins,PST,none
80,VORDRAUMUR,1888,En nú skulum við snúa okkur að kvenfólkinu . Ég er varla,(varla) búinn,að sýna,"búinn að sýna þig sýslumannsfrúnni okkar . Hún er amtmannsdóttir , eins og þú veist , hefur verið lengi í Kaupmannahöfn og meðal annars lært þar ýmsar óprestslegar kenningar , sem hún dregur enga dul á",PRES,none
98,GRIMUR,1888,Svo fór María á flakk og fór að hagræða Grími í rúminu ; hún lét kodda tvo undir herðarnar á honum svo hann sat upp við herðadýnu og sá yfir allt herbergið ; og þegar hún,var búin,,"að því fór hún upp í rúmið sitt aftur , og Grímur lét aftur augun og lá nokkra stund kyrr svo hún hélt að hann væri sofnaður .",,none
19,FOSSAR,1902,þau,eru búin,að reyna,hjúskapinn og búskapinn,PRES,none
16,FOSSAR,1902,"Gróa hélt ,-, að það væri ekki búmaður ,-,
sem ekki kynni að barma sér ,-, svo hún
fylgdi nokkuð þéttlega sínu máli ,-,
þangað til Brandur sagði:-: Ég",er (nú) búinn,að hjálpa,"foreldrum þínum,-, bæði um hey og-og mat ;-; bræðrum þínum líka- þó
dálítið",PRES,nú
17,FOSSAR,1902,Nú,var búið ,að ferma,yngstu börnin,PST,nú
18,FOSSAR,1902,Nú eru Efra-Fosshjónin,eru (...) búin,að vera gift,í sex ár og á þeim árum hafa þau eignast þrjú börn,PRES,nú
158,FOSSAR,1902,"og kastaði mæðinni ."" Ég fer yfrum í kvöld og bið pabba þinn um þig ; fyrst þú ert nú loksins",(ert) búin,að segja,að segja já,,nú
156,FOSSAR,1902,"og Gróa hafði svo mörg ár horft framan í skort og fátækt , að hún var bæði fullreynd og greind til þess að sjá , hvað mikill þröskuldur efnaleysið er á lífsleið manns . Svo oft",búin,að gæta,"þess , að þeir , sem hafa góð efni , geta haft sig fram , þeir geta búið við snotur hús , átt falleg föt , fullkomin áhöld og gnægð í búi ;",PST,oft
24,FOSSAR,1902,"hann var eins og flekkóttur kláðasauður, innan um hvíta, mjallfilda sauði; líkur ref í lambahóp þeim, sem rétt ",er búið ,að reka,á afrétt,PRES,rétt
15,FOSSAR,1902,Þegar Brandur,var búinn,að borða,"fór
Gróa líka að hjálpa Gunnari að koma
erindinu fram",PST,þegar
26,FOSSAR,1902,"Þegar þeir voru komnir spölkorn suðureftir, vínið",var (vínið) búið,að vekja,að vekja þá Brand og Geirmund,PST,þegar
27,FOSSAR,1902,Þeir Brandur,voru búnir,að láta ,"upp á einn hestinn, sem hafði velt af sér, þegar hin komu",PST,þegar
159,FOSSAR,1902,Þegar Geirmundur,var búinn,að vera,"hálfan mánuð á Grund , hljóp hann á sunnudagsmorguninn , til að gæta að fjármennskunni , og til þess líka , að vita hvernig liði á bæjunum .",PST,þegar
20,FOSSAR,1902,Hún,var búin ,að læra,"að taka réttum tökum á honum , þegar hún þurfti þess , ef henni sýndist að koma sínu fram",PST,none
23,FOSSAR,1902,"en hann var hvorki nógu þrásækinn né lagsæll til að brjóta venjuna, sem",búinn var,að taka sér sæti,"á bak aftur, eða ráð konu, sem þekkti hann svo vel, og kunni að taka tökunum á honum, til þess að sigurinn yrði sér viss, en hann tapaði",PST,none
25,FOSSAR,1902,"byrjaði fyrsta erindið af einhverjum hestavísum ,
og þegar það ",var búið ,,sneri hann að Gróu og samræðunum við hana,PST,none
157,FOSSAR,1902,Fólkið var ,búið,að borða,miðdegismatinn og farið að ýta flekkjunum heim að lambhúsahlöðunni .,PST,none
181,LEYSING,1907,"Auk þess var geymsluhúsið sama sem opið , því ekki var enn",(ekki var enn) búið,að ganga frá,"svo frá kjallaradyrunum , að hægt væri að læsa þeim ;",PST,none
176,LEYSING,1907,"Nú var farið að tala um að leggja við hana og láta hana vinna eitthvert þarft vik . En lengra var það ekki komið , sem varla var von . Það var ekki",(var ekki) búið,að tala um það,nema í fimmtíu ár,PST,none
180,LEYSING,1907,Hann var,var búinn,að hokra,"þar í mörg ár í þurrabúð , stundum með sveitarstyrk , en oftast án hans .",PST,none
178,LEYSING,1907,"Þó leyndi það sér ekki , að gamla , danska fastaverzlunin hafði hreiðrað sig þar , sem bezt var aðstöðu ; enda var hún",(var) búin,að sitja,þar lengi að völdum og lengst af ein,PST,lengi
52,LEYSING,1907,"Hann þoldi ekki að heyra gletnisyrði um "" Bælið "" núna. Hann þoldi ekki einu sinni Þorgeiri jafnmeinlaust gaman. Hann viknaði , svo honum lá við gráti. Nú var Þorgeir ",(var Þorgeir) búinn,að komast ,að nógu miklu að sinni. Eitthvað hlaut að hafa komið fyrir Einar þarna úti frá í vinnunni .,PST,nú
175,LEYSING,1907,Nú var hún ,búin,að koma sér upp,"ofurlítilli eyri fram í voginn ,",PST,nú
179,LEYSING,1907,""" Þeir eru nú ",eru (nú) búnir,að draga upp,kaðalinn og loka hlerunum þarna uppi,PRES,nú
182,LEYSING,1907,Nú voru allir ,(voru) búnir,að fá,nóg af deginum,PST,nú
183,LEYSING,1907,Þorgeir verzlunarstjóri tók snemma eftir þessari nýju verzlunarhreyfingu og ,var búinn,að frétta,"af henni út í yztu æsar , jafnvel áður en hún komst á laggirnar .",PST,none
173,LEYSING,1907,"Það var hepni , að við vorum búnir að koma upp geymsluhúsinu okkar",,að koma upp,geymsluhúsinu okkar,PST,none
177,LEYSING,1907,Þar sem bryggjurnar voru,var búið,að jafna,úr þessu melbarði og gera líðandi halla frá húsunum fram í fjöruna,PST,none
184,LEYSING,1907,"Um þetta var Einar að hugsa , meðan hann reikaði þar um á milli húsanna . Hann hafði marghugsað um það áður . Hann var",var búinn,að semja,"í huganum stutt og glögt yfirlit yfir hjúskaparsögu þeirra , sem hann jafnan kunni og jafnan var reiðubúinn að skýra í einstökum atriðum .",PST,none
62,OFUREFLI,1908,"Hann dró seiminn og bað hjartnæmilega um að hjarta sitt yrði opnað , svo að hann gæti lært af prédikuninni að iðrast synda sinna , trúa á Jesúm og betra sig daglega í dygðugu líferni og framferði. -Hann",er búinn,að biðja,"um þetta nokkuð oft hérna í kirkjunni , karlsauðurinn , sagði einn gárunginn frammi í kirkjunni í eyrað á öðrum gárunga , . Angrið kemur nokkuð seint .",PRES,none
65,OFUREFLI,1908,"En eg var sá bölvaður glópur að nota ekki stundina , meðan hún gafst , lofaði síra Þorvaldi að þvæla um þetta , þangað til hann",var búinn,að snúa,"karlskrattanum . Hann fór að velta vöngum og taka í nefið og samsinna og hjala um það , að alveg væri það nú satt , og því yrði nú ekki neitað , og rétt væri það og guðsorði samkvæmt , að reyna að bæla niður ofstopann og illindin ",PST,þangað til
63,OFUREFLI,1908,Hana langaði til að senda Grímsa eitthvað þegar ,búið væri,að borða,"Hann væri lagstur , eftir því sem móðir hans hefði sagt í morgun .",PST-SBJ,none
64,OFUREFLI,1908,Og hvað er þá um fundinn ? Já fundurinn ! Honum var eg nú nærri því,(var ég nærri því) búinn,að gleyma,Og honum ætti eg samt ekki að gleyma .,PST,none
66,OFUREFLI,1908,"Því meiri yrði þunginn á dómkirkjuprestinum. Vitanlega væri vafamál , hvort hann",væri ekki búinn,að gera,"sjálfan sig að hálfgerðum vitfirring , með trúarofsa og ýmis konar hindurvitnum , eftir því sem kunnugir menn lýstu honum .",PST-SBJ,none
146,MARGSAGA,1985,Hún var svo löngu,búinn,að gera mér,"skiljanlegt að ég kæmist ekkert, en henni væri samt ekkert illa við mig og ég ætti endilega að koma og vera góður vinur .",PST,none
4,MARGSAGA,1985,Á endanum ,var ég búinn,að missa,allar áttir,PST,none
149,MARGSAGA,1985,"Heit bylgja fagnaðar og stolts fór um vitund mína og kaffærði dómgreindarpjörurnar sem eftir voru , og áður en ég vissi til var",(var) ég búinn,að teygja mig,að teygja mig í bókina,PST,áður
145,MARGSAGA,1985,Og svo var ég þá allt í einu kominn að útidyrunum hjá Rósu og,búinn,að hringja,dyrabjöllunni..,PST,none
33,SAGAN,1985,Ég var ekki fyrr ,(var) búinn,að finna,kellinguna mína en kotið fylltist af krógum,PST,fyrr
163,SAGAN,1985,Því næst reyndi ég að slá línuna með réttri fingrasetningu og leit ekki á blaðið fyrr en ég,var búinn,,,PST,fyrr
162,SAGAN,1985," vitandi að börn gera sig aldrei ánægð með hálfsannleik , rétti maður þeim enda eru þau fyrr en varir",búin,að rekja upp,alla trossuna .,PRES,fyrr
7,MARGSAGA,1985,"Slík sala á uppboði leiddi auk þess óhjákvæmilega til þess að hjólið fengi eiganda sem væri ekki á nokkurn hátt verðugri en til dæmis ég, sem var þó að minnsta kosti","var (þó að minnsta
kosti) búinn",að hugsa,um það í nokkra daga,PST,none
160,SAGAN,1985,Rétt í þessu var ég að uppgötva að ég,er búinn,að gleyma,fornbókasalnum,PRES,rétt
3,MARGSAGA,1985,En strax þegar ég,var búinn,að líta,"lauslega yfir yrkingar Gunnars varð mér
ljóst...",PST,strax
6,MARGSAGA,1985,Um leið og hann sleppti hönd hennar áttaði hann sig á því að hann var um leið,var (um leið) búinn,að klippa,sundur það eina sem batt hann þessari konu sem hann fann að var að verða honum allt,PST,um leið 
34,SAGAN,1985,og um leið og,búið var,að kveikja ,"upp í deginum byrjuðu skorkvikindin nudd , ískur og tíst .",PST,um leið 
148,MARGSAGA,1985,"Sjálfur var ég þá farinn að fást við skriftir , staðráðinn í að verða rithöfundur og",búinn,að gefa út,eina bók.,PST,þá
2,MARGSAGA,1985,Þarna hefur hún sennilega,verið búinn,að fá,hugmyndina,PRES,none
164,SAGAN,1985,Svo þegar konan í Útvarpinu er,búin,að segja,"þeim hvernig veðrið verði , rísa þeir upp og fara aftur í vinnuna með áfylltan kaffibrúsa og fullt nestisbox af nýsmurðu brauði",PRES,þegar
5,MARGSAGA,1985,Loks gæti ég svarað játandi þeirri spurningu sem brann á allra vörum,Ertu búinn,að sjá,Pískó,PRES,none
9,MARGSAGA,1985,Ég,var búinn,að ákveða,"að fara mér hægt um sumarið, vinna svo að þessu í rólegheitum yfir veturinn, en fara ekki að hjóla neitt fyrr en næsta vor",PST,none
28,SAGAN,1985,Fólki sem,búið er ,að framkvæma,"Byltinguna býður maður ekki upp á röfl, sagði Eiríkur .",PRES,none
29,SAGAN,1985,Pabbi ég,er búinn !,,,PRES,none
30,SAGAN,1985,Hringur bregst við reiður þegar hann á að fara að hátta og rennur upp fyrir honum að dagurinn,er búinn,,hann er ekki lengri en þetta,PRES,none
31,SAGAN,1985,En dagurinn,er búinn,,,PRES,none
32,SAGAN,1985,Var ,(ég) búinn,að segja ,"frá draugalegu tungli uppi á veðurhimni þar sem ský streyma hraðbyri , úti skefur snjó og hjúfrar sig í görðum .",PST,none
147,MARGSAGA,1985,"Og ég hélt áfram . Alveg óstöðvandi , sagði frá lúmskum villum sem ég hefði fundið í því sem margir aðrir",voru búnir,að lesa,og gefa imprímatúr .,PST,none
161,SAGAN,1985," Erna er til fara eins og Vetrarhjálpin , hver prjónaflíkin yfir annarri , sín úr hverri áttinni en í miðju kafi plastikpils. Hárið þykka svarta eins og hrafnsvængur",búið,að klippa,það allt af öðru megin,PRES,none
165,SAGAN,1985,""" Lestu þessa , ertu búinn",búinn,að lesa,þessa,PRES,none
166,SAGAN,1985,"Þú skalt lesa þessa , þegar ég er",búinn,að lesa,þessa hef ég Nútímann á valdi mínu,PRES,none
167,SAGAN,1985,Bylgju varð svo hverft við að hún var næstum,(var næstum) búin,að velta um koll,rímusnum .,PST,none
134,OFSI,2008,Og var að vona að hún myndi virða mig þeirrar ákvörðunar . Fylgja sínum manni . Og skilja jafnvel að ég er að hugsa um hennar hag ; hún,er búin,að þjást,af heimþrá alveg frá því fyrst við fórum af hennar heimaslóðum . En hún var ekkert nema þóttinn .,PRES,none
219,OFSI,2008,Hann sagði að í rauninni væri ekki eftir neinu að bíða ; við ættum að kveðja upp mannskap nú þegar og ráðast suður á land og helst ganga á milli bols og höfuðs á Gissuri áður en hann,væri búinn,að gera,sínar eigin ráðstafanir með heruppkvaðningu og banatilræði við góða menn .,PST-SBJ,áður
69,MAMMA,2008,Ég sagði við sjálfan mig að ég skyldi hætta þessu hangsi og drífa mig að verki en áður en ég vissi af,var ég búinn,að smella,á Netið og kominn á síðu Unu Maríu Páls að gá hvort hún hefði skrifað eitthvað um Óma eftir að hann bauð henni út að borða um daginn en rankaði við mér á síðu einhvers Rúnars sem var bloggvinur bloggvinkonu hennar og var að skrifa um hvað sér hefði fundist Sínalkó gott þegar hann var lítill .,PST,áður
131,OFSI,2008,Þetta sé ég alltaf á því að augnabliki síðar er Sturla,(er) búinn,að taka upp,"sama sið , framkoma viðmælandans er orðin innlifuð í fas hans sjálfs ;",PRES,none
127,OFSI,2008,Og án þess við þyrftum að ræða það frekar var hann ,(var) búinn,að útlista,"fyrir mér hvernig málin litu út í hans augum ; að væri Gissur hingað kominn , eins og allt benti til , í því skyni að brjóta landið undir konung",PST,none
218,OFSI,2008,Nú,er búið,að drepa,nógu marga .,PRES,nú
128,OFSI,2008,"ég veit ekki nema hann sé að safna liði eða búa sig undir herleiðangur , og sé svo þá",er (ég) búinn,að gefast upp,,PRES,þá
129,OFSI,2008,og ég fékk brátt að heyra að það ætti að koma við í Stafholti í Borgarfirði því að þar væri sá orðlagði kappi Þorgils skarði,(er) búinn,að koma sér fyrir,"og með marga fylgdarmenn , ellefu vopnaða menn sagði einhver , eða jafnvel fjórtán ef með væru taldir þrír strákar sem eru hafðir til að geyma hesta .",PRES,none
67,MAMMA,2008,Ég veit ekki hvort ég handfjatla hana mér til ánægju en kúlan,er búin,að vera,þarna í vasanum í hálft ár .,PRES,none
68,MAMMA,2008,Mér fannst það reyndar nokkuð gott hjá honum þegar hann,var búinn,að útskýra,það fyrir mér,PST,þegar
70,MAMMA,2008,Ég finn feginleikann þegar hann hættir að gráta og hún,er búin,að hugga,hann,PRES,þegar
72,MAMMA,2008,Ég fann fara um mig fagnaðarbylgju þegar ég tók eftir því að hún,var búin,að breiða,hvítan dúk á svarthvíta sjónvarpið og setja þar eitthvað rautt blóm því þetta var undursamleg tilbreyting frá öllum þessum grænu ábreiðum og dúkum alls staðar .,PST,þegar
71,MAMMA,2008,Ég klæddi mig á meðan hún skipti um rúmfötin sem ég,var búinn,að frjóvga,,PST,none
73,MAMMA,2008,"Mig langaði að vera viðstaddur og hringdi nokkrum sinnum í hana til að telja henni hughvarf . Þá grét hún . Svo bað hún mig að hætta þessu , þetta þýddi ekkert , hún",væri búin,að ákveða,"þetta og ég sagði allt í lagi og vertu sæl og Guð blessi þig ,",PST-SBJ,none
75,MAMMA,2008,Af því að ég átti sko að sjá um vistirnar og ég,er búinn,að taka til,matinn fyrir kvöldið í kvöld og var að spá í hvort við eigum að borða silung á morgun,PRES,none
125,OFSI,2008,"Það var ekki lítill kross sem Þórður lagði á mínar herðar er hann gaf mér Þuríði . Menn skulu ekki gleyma því . Alveg frá því ég kynntist Þórði hef ég verið að hugsa um að ég yrði að vinna eitthvert afreksverk , sigra ofureflið ; ég",er búinn,að eignast ,"prinsessuna , en ég á eftir að leggja drekann að velli .",PRES,none
126,OFSI,2008,"og er ég spurði Gissur varfærnislega hvernig honum hefði tekist að leysa úr þeirri flækju sagði hann þessi merkilegu orð : "" Ég ",er búinn,að læra,að þegar á málum er tekið með lipurð og mýkt þá greiðist úr mörgum stálhörðum hnútum .,PRES,none
130,OFSI,2008,Það voru engin smámenni sem komu hingað að Staðarhóli í dag og kváðust eiga erindi við Sturlu Þórðarson . Hann,var búinn,að loka sig af,"úti í skemmu og ég hélt hann væri niðursokkinn í ritstörf , en hann reyndist hafa steinsofnað þegar ég kom þangað að sækja hann hrökk upp af vondum svefni virtist mér .",PST,none
132,OFSI,2008,"Þórði tókst að verða svona valdamikill með því að hann náði undir sig Skagafirði er Kolbeins naut ekki lengur við , en ég ",er búinn,að sjá,Skagafjörðurinn er einmitt lykillinn að því að halda Sturlungum og allskyns lukkuriddurum í skefjum,PRES,none
133,OFSI,2008,"Ég var um það bil að detta niður á þá lausn að setja þá eða einhverja þeirra niður í Skagafirði , var",(var) búinn,að kaupa,"hið gamla og glæsta stórbýli Kolbeins unga , Flugumýrina, og sá að engir menn væru traustari en einmitt þessir synir mínir",PST,none
135,OFSI,2008,"Móðir hennar , sem var í heimsókn hjá okkur einu sinni sem oftar , tautaði svo ég heyrði að Gissur væri banamaður föður Þuríðar , og ég var auðvitað ekkert",(var ekki) búinn,að gleyma,"því , þótt það sé manni kannski ekki efst í huga alla daga hver vó hvern fyrir tveimur áratugum , enda nóg til að æra óstöðugan að rifja upp öll vígaferli okkar blóðugu aldar .",PST,none
193,MAMMA,2008,Og kannski hafði hún meira að segja verið,búin,að segja ,mér frá einhverju en ég gleymt því,Samsett,none
194,MAMMA,2008,Þegar hann var búinn að stinga upp,var búinn,að stinga upp,"í mig stakk hann upp í sig vandlega snyrtum bita , leit svo hróðugur á Pjatta eins og hundurinn væri Egill Helgason .",PST,none
217,OFSI,2008,Ég veit ekkert hvort þetta er satt og það skiptir svosem engu máli það ,er búið,að kjafta,svo mikið og slúðra um samskipti mín við Sturlungana að það yrði hver sá maður vitlaus sem reyndi að komast til botns í hvað væri satt og logið .,PRES,none
264,MAMMA,2008,og hún,var búin,að mála sig,,,none
230,,2019,og-og Eiður-eiður er-vera búinn-búa að-að skora-skora eitt-einn mark-mark í-í þrettán-þrettán leikjum-leikur á-á tímabili$-tímabil $nu-hinn .-.,,að skora,,PRES,none
237,,2019,en-en þetta-þessi er-vera allt-allur orðið-verða býsna-býsna miklu-mikill þrengra-þröngt nú-nú vegna-vegna þess-það hversu-hversu mikið-mikill er-vera búið-búa að-að gera-gera að-að undanförnu-undanfarinn .-.,er búið,að gera,,PRES,none
224,,2019,Ég-ég er-vera búinn-búa að-að bíða-bíða í-í 19-nítján ár-ár eftir-eftir að-að það-það færi-fara,er búinn,að bíða,,PRES,none
234,,2019,Stór-stór hluti-hluti fyrirtækja$-fyrirtæki $nna-hinn er-vera nú-nú búinn-búa að-að vinna-vinna upp-upp allt-allur uppsafnað-uppsafnaður tap-tap ,er nú búinn,að vinna upp,,PRES,nú
242,,2019,"Ég-ég er-vera að-að tala-tala um-um þær-sá opinberu-opinber framkvæmdir-framkvæmd ,-, upp-upp á-á 6,5-6,5 milljarða-milljarður ,-, sem-sem nú-nú þegar-þegar er-vera búið-búa að-að gera-gera ráð-ráð fyrir-fyrir í-í fjárlögum-fjárlag ",(nú þegar) er búið,að gera ráð fyrir,,PRES,
253,,2019,Nú-nú er-vera búið-búa að-að krukka-krukka í-í það-það a.$-meðal $m.$-lítill $k.-kostur þrisvar-þrisvar sinnum-sinn .-.,er búið,að krukka,,PRES,nú
223,,2019,Í-í spilara$-spilari $num-hinn að-að ofan-ofan er-vera myndband-myndband sem-sem finna-finna má-mega á-á heimasíðu-heimasíða Evrópska-evrópskur handknattleikssambands$-handknattleikssamband $ins-hinn þar-þar sem-sem,búið er,að taka saman brot,að taka saman brot úr undanúrslitaleikjum...,PRES,none
225,,2019,Þetta-þessi er-vera búið-búa að-að vera-vera langt-langur ferðalag-ferðalag,er búið,að vera,,PRES,none
226,,2019,Ég-ég keypti-kaupa bara-bara miða-miði út-út og-og var-vera búinn-búa að-að gera-gera ráðstafanir-ráðstöfun fyrir-fyrir riðlakeppni$-riðlakeppni $na-hinn,var búinn,að gera,,PST,none
227,,2019,"Þetta-þessi er-vera búið-búa að-að vera-vera mikið-mikill ævintýri-ævintýri ,-, “-“ segir-segja Magnús-magnús og-og bætir-bæta við-við að-að strákar$-strákur $nir-hinn séu-vera hvergi-hvergi nærri-nærri hættir-hætta ,-,
Frakkland-frakkland sé-vera aðeins-aðeins ný-nýr keila-keila í-í vegi-vegur þeirra-það ",er búið,að vera,,PRES,none
228,,2019,Að-að skora-skora á-á síðustu-síðari mínútu$-mínúta $num-hinn þegar-þegar við-ég vorum-vera eiginlega-eiginlega búin-búa að-að missa-missa trú$-trú$na-hinn var-vera ótrúlegt-ótrúlegur .-.,vorum (eiginlega) búin,að missa,,PST,none
231,,2019,Ég-ég held-halda að-að Heimir-heimir sé-vera búinn-búa að-að læra-læra heilmikið-heilmikill af-af honum-hann,sé búinn,að læra,heilmikið af honum,PRES-SBJ,none
235,,2019,Þegar-þegar maður-maður var-vera búinn-búa að-að fara-fara yfir-yfir það-það,var búinn,að fara yfir,það,PST,none
236,,2019,og-og búið-búa var-vera að-að eyða-eyða þeim-sá misskilningi-misskilningur að-að það-það ætti-eiga að-að fara-fara að-að hefta-hefta ferðafrelsi-ferðafrelsi fatlaðra-fatlaður,búið var,að eyða,,PST,none
238,,2019,Það-það verður-verða mjög-mjög erfitt-erfiður að-að mínu-minn mati-mat að-að sýna-sýna fram-fram á-á að-að hagsmunir-hagsmunir okkar-ég Íslendinga-íslendingur séu-vera mjög-mjög ríkir-ríkur þegar-þegar kemur-koma að-að sjávarútvegi$-sjávarútvegur $num-hinn þegar-þegar búið-búa er-vera að-að kippa-kippa stoðu$-stoð $num-hinn undan-undan honum-hann hér-hér heima-heima,búið er,að kippa,,PRES,none
239,,2019,Við-ég getum-geta ekki-ekki sýnt-sýna fram-fram á-á að-að hann-hann sé-vera jafnrík-jafnríkur stoð-stoð fyrir-fyrir okkur-ég í-í samfélag$-samfélag $inu-hinn þegar-þegar búið-búa er-vera að-að rústa-rústa honum-hann .-.,búið er,að rústa,,PRES,none
240,,2019,Herra-herra forseti-forseti .-. Það-það eru-vera mörg-margur slagorð$-slagorð $in-hinn búin-búa að-að vera-vera í-í þessari-þessi umræðu-umræða .-.,búin,að vera,,PRES,none
241,,2019,"Þetta-þessi gerir-gera ekkert-enginn fyrir-fyrir þann-sá stóra-stór hóp-hópur ,-, sem-sem er-vera hátt-hátt í-í fjórðungur-fjórðungur ,-, sem-sem skuldar-skulda ekki-ekki í-í sínu-sinn húsnæði-húsnæði ,-, að-að uppistöðu-uppistaða til-til eldra-gamall fólk$-fólk $ið-hinn sem-sem er-vera búið-búa að-að borga-borga skuldir-skuld sínar-sinn ,-,",er búið,að borga,,PRES,none
243,,2019,Við-ég erum-vera búin-búa að-að gera-gera ráð-ráð fyrir-fyrir þeim-hann í-í fjárlögum-fjárlag .-.,erum búin,að gera ráð fyrir,,PRES,none
244,,2019,"Ég-ég vil-vilja spyrja-spyrja hæstv.-hæstvirtur ráðherra-ráðherra ,-, hann-hann er-vera búinn-búa að-að svara-svara einni-einn spurningu-spurning :-: ",er búinn,að svara,,PRES,none
245,,2019,"Þá-þá er-vera ég-ég ansi-ansi hrædd-hræddur um-um að-að við-ég séum-vera búin-búa að-að henda-henda tæki$-tæki $nu-hinn ,-,",séum búin,að henda,,PRES-SBJ,none
246,,2019,og-og við-ég erum-vera búin-búa að-að gera-gera það-það með-með því-það,búin,að gera,,PRES,none
247,,2019,"Að-að hæstv.-hæstvirtur ráðherra-ráðherra skuli-skulu leyfa-leyfa sér-sig að-að koma-koma hingað-hingað upp-upp og-og fara-fara eins og köttur-köttur
í-í kringum-kringum heitan-heitur graut-grautur í-í þessu-þessi máli-mál þýðir-þýða einfaldlega-einfaldlega að-að hann-hann veit-vita upp-upp á-á sig-sig skömm$-skömm $ina-hinn ,-, hann-hann er-vera ekki-ekki búinn-búa að-að vinna-vinna grunnvinnu$-grunnvinna $na-hinn .-.",er (ekki) búinn,að vinna,,PRES,none
248,,2019,en-en við-ég vitum-vita það-það ekki-ekki með-með vissu-vissa fyrr-snemmt en-en búið-búa er-vera að-að leiða-leiða viðræður$-viðræða $nar-hinn til-til lykta-lykt .-.,en búið er,að leiða,,PRES,none
249,,2019,"Kannski-kannski voru-vera einhverjir-einhver innan-innan einhverra-einhver flokka-flokkur ekki-ekki búnir-búa að-að tala-tala sig-sig saman-saman ,-,",voru einhverjir (ekki) búnir,að tala sig saman,,PST,none
250,,2019,Ég-ég er-vera meira-mikill og-og minna-lítill búin-búa að-að hlusta-hlusta á-á allar-allur ræður-ræða bæði-bæði í-í þessu-þessi máli-mál sem-sem og-og því-sá sem-sem hefur-hafa verið-vera til-til umræðu-umræða og-og bíður-bíða hausts$-haust $ins-hinn .-.,er búin,að hlusta,,PRES,none
251,,2019,"Við-ég erum-vera búin-búa að-að tala-tala um-um þetta-þessi ,-, tala-tala og-og tala-tala ,-, allir-allur mjög-mjög velviljaðir-velviljaður",erum búin,að tala,,PRES,none
252,,2019,"Mér-ég finnst-finna menn-maður vera-vera að-að hlaupa-hlaupa af-af stað-staður í-í einhverjar-einhver breytingar-breyting án-án þess-það endilega-endilega
að-að vera-vera búnir-búa að-að sjá-sjá Forseti-forseti hringir-hringja .-. að-að markmið$-markmið $in-hinn náist-ná í-í sjálfu-sjálfur sér-sig .-.",að vera búnir,að sjá,,INF,none
254,,2019,Annars-annars ég-ég er-vera eiginlega-eiginlega búin-búa að-að svara-svara ráðherra-ráðherra því-sá sem-sem ég-ég vildi-vilja svara-svara .-.,ég er (eiginlega) búin,að svara,,PRES,none
256,,2019,Og-og svo-svo setjum-setja við-ég auðvitað-auðvitað þá-sá mælistiku-mælistika sem-sem búið-búa er-vera að-að vinna-vinna og-og er-vera ágæt-ágætur til-til slíkra-slíkur nota-not á-á kostnað$-kostnaður $inn-hinn eftir-eftir línuleiðum-línuleið sem-sem eru-vera ákveðnar-ákveða á-á pólitískan-pólitískur hátt-háttur og-og með-með aðkomu-aðkoma fagaðila-fagaðili .-.,búið er,að vera,,PRES,none
257,,2019,Mér-ég hefði-hafa fundist-finna alveg-alveg koma-koma til-til greina-grein að-að skoða-skoða hvort-hvort þarna-þarna væri-vera búið-búa til-til eitthvað-einhver styttra-stuttur aðlögunartímabil-aðlögunartímabil innan-innan tíma$-tími $ns-hinn,,,,,none
258,,2019,En-en það-það er-vera ekkert-enginn búið-búa að-að setja-setja neina-neinn tíma-tími á-á það-það,er (ekkert) búið,að setja,,PRES,none
260,,2019,"Segjum-segja sem-sem svo-svo að-að þið-þú séuð-vera að-að fara-fara að-að útdeila-útdeila þessu-þessi til-til þessara-þessi fyrirtækja-fyrirtæki ,-, sem-sem ég-ég sé-sjá ekki-ekki að-að ættu-eiga að-að vilja-vilja gefa-gefa úthlutun$-úthlutun $ina-hinn frá-frá sér-sig af-af því-það að-að þau-það eru-vera búin-búa að-að fá-fá gullið-gullinn tækifæri-tækifæri upp-upp í-í hendur$-hönd $nar-hinn",eru búin,að fá,,PRES,none
261,,2019,Það-það hræðir-hræða mig-ég svolítið-svolítill mikið-mikill að-að með-með stimplunarkerfisáætlun-stimplunarkerfisáætlun séum-vera við-ég búin-búa að-að afgreiða-afgreiða mál$-mál $ið-hinn ,séum (við) búin,að afgreiða,,PRES-SBJ,none
262,,2019,"Hitt-hinn er-vera miklu-mikill stærra-stór mál-mál sem-sem við-ég erum-vera ekki-ekki búin-búa að-að afgreiða-afgreiða og-og við-ég eigum-eiga ekki-ekki  að-að afgreiða-afgreiða með-með þessu-þessi ,-, þ.$-það $e.-vera hvar-hvar línur$-lína $nar-hinn eiga-eiga að-að liggja-liggja ,-, af-af því-það að-að við-ég setjum-setja ekki-ekki bara-bara venjulegan-venjulegur verðmiða-verðmiði á-á það-það ",við erum (ekki) búin,að afgreiða,,PRES,none
263,,2019,Ég-ég er-vera að-að minnsta-lítill kosti-kostur búinn-búa að-að svara-svara tveimur-tveir ,er búinn,að svara ,,PRES,none