coll,Reading,left,right,Source,Source2,Date,Cent,left,,,,,,,,,,,,,,,,,,,
 Þegar,,"það við Ólaf amtmann, eður þá hann heyrir til. Þegar þú ert","búin að vera hér 4 daga eður lengur, þá kanntu að biðja þá og þá aftur, því oft h",(ÆVISAGAN),,18,18,,,,,,,,,,,,,,,,,,,,
eftir,,"i tók mig enn þungt kast, sem varði við í viku. En eftir það","búið var að taka mig til bænar á kóngsbænadaginn, batnaði mér, eins og í hvert si",(ÆVISAGAN),,18,18,,,,,,,,,,,,,,,,,,,,
eftir,,r bókarsmiðsens í neðstu staðe jarðarinnar. Epter það eg var,"búinn Anno 1664 að útstanda hverutvegge examina á háschólanum í Kaupmannahöfn, og",(klim),,18,18,,,,,,,,,,,,,,,,,,,,
eftir,,t og skiljanliga talat við innbyggendurnar. Epter það eg var,"búinn at afleggja barnaskóna (sem so er kallat), eðr var orðinn fullnuma í underh",(klim),,18,18,,,,,,,,,,,,,,,,,,,,
eftir,,"mselde eg mínum fursta í allre undergjefne, epter það eg var","búinn at laga það til sem konstuglegast, og hafðe auðsýndt þat og upplýst með |p1",(klim),,18,18,,,,,,,,,,,,,,,,,,,,
eftir,,"reynde eg og aðgjætte hit grandvarligasta, eptir það eg var",búinn at nema underheimamálit: Tók eg þá síðan at dæma miklu mjúkligar um þetta f,(klim),,18,18,,,,,,,,,,,,,,,,,,,,
eftir,,eptir þad hann [ [...]] var ·,búinn · ad pantsetja allt sitt góts.|ActYfirr|31|18s,(Rms-sitot-18),ActYfirr|31,18s,18,,,,,,,,,,,,,,,,,,,,
eftir,,Efter það eg var,búinn [ [...]] að ·útstanda· hverutvegge examina á háschólanum.|JÓlGrvKlím|15|18m,(Rms-sitot-18),JÓlGrvKlím|15,18m,18,,,,,,,,,,,,,,,,,,,,
eftir,,eptir það hann var,búinn að súpa ·mjólksopann· úr askinum sínum.|Blanda|115|18m,(Rms-sitot-18),Blanda|115,18m,18,,,,,,,,,,,,,,,,,,,,
er,,"nýársins, að uggvænt sýndist, þá embættað yrði, er eg var þó","búinn að boða, ef guð gæfi mér líf og heilsu til þess. En svo fór, að allt það hv",(ÆVISAGAN),,18,18,,,,,,,,,,,,,,,,,,,,
,Finished,"geta sýslat sín erendi. Epter miðdags máltíð, sem varð fyrr","búin enn mig varðe, færðe mig minn werth (eðr gestahússbónde) í gegnum staðinn. V",(klim),,18,18,,,,,,,,,,,,,,,,,,,,
,Finished,", sem þókknast. Þegar fiskurinn er fullsoðinn, er súpan líka","búin , og er hún holl, drjúg og smekkgóð. Vilji menn saman við hana sjóða nokkuð a",(martam),,18,18,,,,,,,,,,,,,,,,,,,,
,Finished,"r­saxaðri pétursselju eður grænkáli í súpuna, og er þá súpan","búin , þegar bollurnar eru soðnar. §. 18. Slétt og óvönduð ný kjötsúpa er tilbúin",(martam),,18,18,,,,,,,,,,,,,,,,,,,,
,Finished,"af vínediki, sem vill, og sykri ef svo þókknast; er þá súpan","búin , þegar fiskurinn er nóg soðinn. §. 67. Þær ágætu fiskibollur, eru handa fyri",(martam),,18,18,,,,,,,,,,,,,,,,,,,,
,Finished,"með litlu af söxuðu kjörveli eður blóðbjörg, og er þá súpan","búin , þegar kjötið er meyrsoðið. §. 19. Á sama hátt er tilreidd súpa af söltuðu k",(martam),,18,18,,,,,,,,,,,,,,,,,,,,
,Finished,ð útaf deyr og enginn vetur kemur meir. Því meðan ei er ævin,"búin er gagnleg vinna skemmtileg. En þó ég deyi þreyttur, lúinn, þá fæ ég nóg að",(synis),,18,18,,,,,,,,,,,,,,,,,,,,
,Finished,"slumann sjá sig framar. Hér stóð svo á, að þessi comedia var",búin og biskup með skólameisturum að taka sinn frúkost og thedrykk þar á eftir. S,(ÆVISAGAN),,18,18,,,,,,,,,,,,,,,,,,,,
,Finished,"viðbitis án nokkurs ·staðfasts· tíma, og var látið í, þegar",búið var.|Blanda|295|18m,(Rms-sitot-18),Blanda|295,18m,18,,,,,,,,,,,,,,,,,,,,
,Finished,rbyltingin á Frakklandi kom eins og þjófur á nóttu og þá var,búinn friðurinn og næðið. Allt meginland Norðurálfunnar fór þá í loga og vaknaði,(synis),,18,18,,,,,,,,,,,,,,,,,,,,
,Finished,"laupna, eins og mjúkan ost, eins í miðjunni, er réttur þessi","búinn , spændur síðan upp úr þeim í fat, og borðaður með góðu mjólkur áláti. Í sta",(martam),,18,18,,,,,,,,,,,,,,,,,,,,
,Finished,"rir er sagt §. 20. um það, hvörsu kál skuli jafna; er hún þá","búin , nema hvað hún í fatinu er betruð, með svo miklu af sykri og vínediki, og að",(martam),,18,18,,,,,,,,,,,,,,,,,,,,
,Finished,"eða sítrónubörk að sjóða með, verður áasúpan enn betri, sem","búin er, þegar snarpsoðið hefir, og borðast hálfköld, því svo er hún best, og er",(martam),,18,18,,,,,,,,,,,,,,,,,,,,
,Finished,"þannig mótaður og útflattur eftir fatinu, og þá er osturinn",búinn þegar hann er kólnaður. Er hann algóður nýr með brauði til árbíts. §. 36. H,(martam),,18,18,,,,,,,,,,,,,,,,,,,,
,Finished,ofan á breitt til að verja ryki og skarni. Skyr þetta er nú,"búið , þegar síað er orðið, og mátulega þykkt, og borðast það með mjólk eður og rj",(martam),,18,18,,,,,,,,,,,,,,,,,,,,
,Finished,mgæft. Þegar ég sá svo sem fyrir nösum mér mát af vondu peði,búið vera og taflslok verða mundi um töframála rannsakið í það sinn svo sem fyrri,(pislarsaga),,17,17,,,,,,,,,,,,,,,,,,,,
,Finished,*Þá var húðin ·hráblaut· enn / og hvörgi nærri,búin .|JGuðmÁrm|46|17m,(Rms-sitot-17),JGuðmÁrm|46,17m,17,,,,,,,,,,,,,,,,,,,,
,Finished,nú eru menn ·,búnir · at sleppa þeirri villu.|BHGr|54|18s,(Rms-sitot-18),BHGr|54,18s,18,,,,,,,,,,,,,,,,,,,,
,Finished,"*Hid sama rauda flagg um flód / Vjer færum,",búnir ·vekja· blód.|MvT|368|18s19f,(Rms-sitot-18),,18s19f,18,,,,,,,,,,,,,,,,,,,,
,Finished,Þegar þeir eru ·,búnir · ad fylla sig.|GuðmJSum|4|18s,(Rms-sitot-18),GuðmJSum|4,18s,18,,,,,,,,,,,,,,,,,,,,
,Finished,já mér þröstur svo þaut við í runn og þar með var draumurinn,búinn . Nafnið Mitt nafn á hafsins hvíta sand þú hafðir eitt sinn skráð en bylgju,(synis),,18,18,,,,,,,,,,,,,,,,,,,,
,Finished,"frið og fagra daga, frama, dáð og vit og hreystiþrótt, þá er","búin þjóð og saga, þá er dauði, reginnótt. Hvar er hafið? Allt er ísköld breiða,",(synis),,18,18,,,,,,,,,,,,,,,,,,,,
,Finished?,"gar hún svo síður á ný, með öllu þessu, er brenni","búinn . §. 33. Svo skal reykja uxabrjóst, uxatungur og kjötpylsur til langkáls og",(martam),,18,18,,,,,,,,,,,,,,,,,,,,
,Fixed,"tar framfarnar að lögum og landssiðum, konur innkomnar, borð","búin , bekkir alskipaðir og í einu orði allt tilbúið er tilætlað var til þessa göf",(eggbrud),,18,18,,,,,,,,,,,,,,,,,,,,
,Fixed,valatími yfirstóð sem vorkunn er allhægt fyrir að bera meðan,"búið er að þessa lands lagarétti, slíkum og þvílíkum sem nú er af velflestum uppá",(pislarsaga),,17,17,,,,,,,,,,,,,,,,,,,,
,Fixed,ef,"búið er ·sameignarmjólkurbú· væri öllum eigendum þess það áhugamál, að því gengi",(Rms-sitot-18),,18,18,,,,,,,,,,,,,,,,,,,,
,Fixed,síðar teygði fram álkuna þá um var gjört og botnvelting var,"búin til sem framkvæmdin hefur fullsannað á Mosvallaþingi, - þar fyrir gjörða ég",(pislarsaga),,17,17,,,,,,,,,,,,,,,,,,,,
,Fixed,*i Norðurbý þar ·baðstofa· heit / var,búin af hjónum.|MÓlFlat|44|17f,(Rms-sitot-17),MÓlFlat|44,17f,17,,,,,,,,,,,,,,,,,,,,
,Fixed,"*halurinn bar á herðum ·hnakk·, / hann var",búinn gulli.|Móð|42|17f,(Rms-sitot-17),Móð|42,17f,17,,,,,,,,,,,,,,,,,,,,
,Fixed,"[hann] boði ·naumleika· tímans, þar seinasta skip héðan var",búið til siglingar og mikla eptirleitni síra Þorleifs.|JHBisk|381|18f,(Rms-sitot-18),JHBisk|381,18f,18,,,,,,,,,,,,,,,,,,,,
,Fixed,"*Þeir [þe: fuglarnir] bidu til þess ·brast· út sjórinn, /",búinn var hvørs eins réttur þá.|EÓlBún|15|18m,(Rms-sitot-18),EÓlBún|15|,18m,18,,,,,,,,,,,,,,,,,,,,
,Fixed,nni: kona hringa ná: kona drylla: hrokafull kona dauðinn var,búinn (henni): hún beið dauðans lyndisstríður: skapillur klóta bendir: maður (kló,(synis),,18,18,,,,,,,,,,,,,,,,,,,,
,Fixed,"brotnaði í Höfðanum norður, fordjarfaðist öll fraktin; voru",búnir til siglingar; drukknuðu 2 menn. Um vorið kom eitt skip eftir fiski í Rifið,(synis),,18,18,,,,,,,,,,,,,,,,,,,,
,Fixed,"frá, og lofaði mér vissum hlut, er hann enti, því eg var vel","búinn , þá hann aftur kom. Þetta var þann vetur, sem biskup Harboe var hér fyrst í",(ÆVISAGAN),,18,18,,,,,,,,,,,,,,,,,,,,
,Fixed,u nú er ekki neitt sérlegt að segja. Þá þetta var nú svo til,"búið , fann eg mig allt of illa minnugan þeirra ærlegheita við mig, ef eg hefði nú",(ÆVISAGAN),,18,18,,,,,,,,,,,,,,,,,,,,
,Fixed,eim aftur með hestana og reiðskapinn. Þá eg hafði þar um mig,"búið , gekk til mín einn maður, er hét Bótólfur Þorvaldsson, lágur vexti, stuttlei",(ÆVISAGAN),,18,18,,,,,,,,,,,,,,,,,,,,
,Fixed,"fyrir orðsendinguna frá Hamarsholti, hafi sér þetta í skapi","búið , þá þeir hafi verið að spyrja mig um fiskikaupin. Prestur varð rétt sjálfhei",(ÆVISAGAN),,18,18,,,,,,,,,,,,,,,,,,,,
,Fixed,um við þá allir að leita og finnum hana ei og hættum við svo,"búið . Eg þóttist víst hafa séð þennan mann áður, en kem því ei snögglega fyrir. V",(ÆVISAGAN),,18,18,,,,,,,,,,,,,,,,,,,,
,Fixed,"gjöld, lífstjón eður lima líða hér fyrir. Þó var ei hér með","búið . Fyrir sunnan og ofan fossinn er uppmjór klettur með skúta í að útvestan, hv",(ÆVISAGAN),,18,18,,,,,,,,,,,,,,,,,,,,
,Fixed,"og vanvirðing, og hætti svo við svo búið. Þó var ei hér með","búið . Þar í sókn var sá maður, er hét Einar Erlendsson, kórdjákni, af góðri ætt k",(ÆVISAGAN),,18,18,,,,,,,,,,,,,,,,,,,,
,Fixed,"í burt með stórri sneypu og vanvirðing, og hætti svo við svo","búið . Þó var ei hér með búið. Þar í sókn var sá maður, er hét Einar Erlendsson, k",(ÆVISAGAN),,18,18,,,,,,,,,,,,,,,,,,,,
,Fixed,"it, fyrir utan tíund sína, nefnilega þeir, sem á Felli höfðu",búið fyrir mig. Þessi tollur átti að vera fergiskyrtunna eður 30 álnir eður 60 fi,(ÆVISAGAN),,18,18,,,,,,,,,,,,,,,,,,,,
,Fixed,"ns afborið eins og eg, sem ei gat þó skilið, að með mér gæti","búið sá styrkur, er sig auglýsti í svoddan stríði Fékk eg mér vitnisburði, sem mi",(ÆVISAGAN),,18,18,,,,,,,,,,,,,,,,,,,,
,Fixed,"a hlutaðeigendur mig, þó eg djákni væri, að taka að mér allt","búið til vorsins, eður þar til skipti í því fram færi, því húsmóðirin var þá þung",(ÆVISAGAN),,18,18,,,,,,,,,,,,,,,,,,,,
,Fixed,"æti á jörðu, þar hann náði því meini, sem lengi hafði um sig",búið undir hnéskelinni. Hans mörgu góðgerðir get eg honum aldrei betalað sem skyl,(ÆVISAGAN),,18,18,,,,,,,,,,,,,,,,,,,,
,Fixed,"nú fleygðist fljótt í almæli af kjaftakindum, að annað hefði","búið undir mínum ferðum og veru þangað. Eg hafði þá, sem skaparinn vissi, framar",(ÆVISAGAN),,18,18,,,,,,,,,,,,,,,,,,,,
,Fixed,til kóngs sett. Sá eg mér nú ævarandi niðurdrep og lastyrði,"búin , ef eg hefði orðið að gjalda greindan toll að nýju, þar svo mikil órósemi ha",(ÆVISAGAN),,18,18,,,,,,,,,,,,,,,,,,,,
,Fixed,"vet og tannstöngull, ef með hefði þurft. Var mér hér minnkun","búin , ef ei hefði áður til manna heyrt og séð. Að þessu búnu var upp á bréfin sva",(ÆVISAGAN),,18,18,,,,,,,,,,,,,,,,,,,,
,Fixed,"á bréfin svarað, og gekkst hún mest fyrir því, nokkuð betur","búin en áður. Að skilnaði buðu þau mér, hvað mig vanhagaði um, hvort það væri nes",(ÆVISAGAN),,18,18,,,,,,,,,,,,,,,,,,,,
,Fixed,"nn hafi svikið þig í nokkru"". Fer prestur við þetta svar svo","búinn í burtu aftur. Þá nokkur stund líður frá, og við erum komnir á flakk, koma",(ÆVISAGAN),,18,18,,,,,,,,,,,,,,,,,,,,
,Fixed,sunnudags aðfaranótt þyki mér maður koma til mín tignarlega,"búinn og segja: ""Eg veit þú liggur í þönkum og þeir eru allir réttir. En orsökin",(ÆVISAGAN),,18,18,,,,,,,,,,,,,,,,,,,,
,Fixed,"þá einu snemmbæru kú, er hann til hafði, þá borna og vel til","búna , og léði mér svo lengi eg vildi, en var sjálfur eftir með fólki sínu svo nær",(ÆVISAGAN),,18,18,,,,,,,,,,,,,,,,,,,,
,Fixed,"feitina"". Þarf það ei að orðlengja hún rak þá út verr en svo","búna með kvenfólkinu, sigaði á hesta þeirra, sem hlupu út í myrkrið óvissa vegu.",(ÆVISAGAN),,18,18,,,,,,,,,,,,,,,,,,,,
,Fixed,ann geistlegheitin og fékk síðar kónglega uppreisn. Að þessu,"búnu tekur prestur sig upp aftur með sama skraf, segist hafa verið hræddur til ko",(ÆVISAGAN),,18,18,,,,,,,,,,,,,,,,,,,,
,Fixed,"nkun búin, ef ei hefði áður til manna heyrt og séð. Að þessu","búnu var upp á bréfin svarað, og gekkst hún mest fyrir því, nokkuð betur búin en",(ÆVISAGAN),,18,18,,,,,,,,,,,,,,,,,,,,
,Fixed,"eð skjótar skekkt þá hráblautu limi, og hamlað vexti þeirra.",Búið þeim ei heldur síðan í barnæskunni aðskorinn föt eður alltof ilsöm. Aðskorin,(campsid),,18,18,,,,,,,,,,,,,,,,,,,,
,Fixed,"lét hann sér nægja, og lagði sig ugglaust til svefns. Að því","búnu hljóp móðirin strax út til Marínar sinnar, og hjálpaði henni það besta hún g",(campsid),,18,18,,,,,,,,,,,,,,,,,,,,
,Fixed,"skammarlegan lifnað, og var en nú tvisvar börnuð, að hvörju","búnu yfirvaldið setti hana að lokum í tukthúsið, og þar kvaddi hún heiminn. Svo s",(campsid),,18,18,,,,,,,,,,,,,,,,,,,,
,Fixed,an margháttaða segulstein í hana sett og svo haglega um hann,"búið að hann dregur hvívetna og hvaðanæva í jörðu og á, um og í gegnum loft og le",(eggbrud),,18,18,,,,,,,,,,,,,,,,,,,,
,Fixed,með kvennakaupin illa ánægðir en verða þó að láta standa svo,búið ; utan hvað sú bótin gildir að þeir mega selja mannsali konur sínar (vide bré,(eggbrud),,18,18,,,,,,,,,,,,,,,,,,,,
,Fixed,"og spennur, korði, hringir et cetera af íslenskum mönnum til","búið . Á miðvikudaginn var eftir morgunsöng og máltíð drukkin velfarandi, riðu síð",(eggbrud),,18,18,,,,,,,,,,,,,,,,,,,,
,Fixed,endimenn aftur til stofu og segja brúðguma og boðsmönnum svo,búið . XI. Kapítuli Um brúðguma rekkjugang og brúðhjóna komu í eina sæng Víkjum nú,(eggbrud),,18,18,,,,,,,,,,,,,,,,,,,,
,Fixed,ur inni. Nefni ég til þess þig N. bóndi hvörn ég hygg lengst,"búið hafa, konu átt og gætt bús og barna með æru og virðingu; vonum vér þú gjörir",(eggbrud),,18,18,,,,,,,,,,,,,,,,,,,,
,Fixed,færir hann brúðguma með körlum í brúðgumastofu hvar borð er,búið með sama hætti. VII. Kapítuli Um gildisstofu og niðurskipan til brúðkaupsgil,(eggbrud),,18,18,,,,,,,,,,,,,,,,,,,,
,Fixed,"irkju. Konum fylgir siðamaður í brúðarhús, hvar áður er borð",búið með víni og vist til endurnæringar þeim þurfu. Eins færir hann brúðguma með,(eggbrud),,18,18,,,,,,,,,,,,,,,,,,,,
,Fixed,ans afsprengjur er honum líktist. Hún ein er vel að íþróttum,búin því án hennar eru allar þær ekkert nema miklu verri sé; og þótt þær kunni að,(eggbrud),,18,18,,,,,,,,,,,,,,,,,,,,
,Fixed,ndist hafi (fullkomin var stærð hennar og - -). Nú er ég svo,"búinn , minn herra! að telja upp það merkilegasta sem ég man af þessu um brúðkaups",(eggbrud),,18,18,,,,,,,,,,,,,,,,,,,,
,Fixed,"birtist dagur, bíð til þess rennur morgunsól; búskapar er þá","búinn hagur, brúðkaups tilboðnum efnuð jól; : , : gef oss, Drottinn! það gangi í",(eggbrud),,18,18,,,,,,,,,,,,,,,,,,,,
,Fixed,ðsmanna til húss brúðgumans hvör sjálfur stendur í dyrum vel,"búinn og tekur mót brúðinni ljúkandi upp beresalnum, sér hann þá fyrst sína keypt",(eggbrud),,18,18,,,,,,,,,,,,,,,,,,,,
,Fixed,"óndi vill senda nokkra skikkanlega heimamenn sína, hreinlega","búna , til að fylla flokk brúðguma. Tveir og tveir ríði í öllum hópnum samsíðis, f",(eggbrud),,18,18,,,,,,,,,,,,,,,,,,,,
,Fixed,m fylgjurum og reið ekki heim fyrr en á sunnudaginn voru þar,"búnar þá sængur, borð og stólar, matur og drykkur og annað sem hafa þurfti. Sunnu",(eggbrud),,18,18,,,,,,,,,,,,,,,,,,,,
,Fixed,dra; en boðsmennirnir tapa litlu eður engu þar við. Að þessu,búnu eru skutlar fram settir með bikurum og lítið eitt drukkið áður en gengið er,(eggbrud),,18,18,,,,,,,,,,,,,,,,,,,,
,Fixed,um setningi og skikki af tilsettum frammistöðumönnum; að því,búnu les siðamaður borðsálm og skulu þá allir menn eftir fornri venju standa yfir,(eggbrud),,18,18,,,,,,,,,,,,,,,,,,,,
,Fixed,ir hjónaskál einn og velfarandaskál boðsmenn mæla; en að því,búnu skal að þessu sinni upp aftur taka. Ykkur að ykkar minni et cetera tvisvar e,(eggbrud),,18,18,,,,,,,,,,,,,,,,,,,,
,Fixed,"ól eður skóföt í hendinni gegnum borgina, og gánga nakinn um","búinn og berfættr, þar eð hann hefðe þó átt at hylja hverttveggja með því og varð",(klim),,18,18,,,,,,,,,,,,,,,,,,,,
,Fixed,"vel til under hann; já, líka sem skipar oss at vera allatíma","búnum til þessarar ferðar; vjer lærum under eins, þá vjer finnum til sárenda af h",(klim),,18,18,,,,,,,,,,,,,,,,,,,,
,Fixed,"f þeim tilbúið. Þau eru plokkuð þurr, en að öðru leyti undir","búin , sem önnur hæns, nema að sarpurinn eður maginn er fylltur með brauðdeig, svo",(martam),,18,18,,,,,,,,,,,,,,,,,,,,
,Fixed,"eyttur. Hvört heldur fiskurinn er nýr eður harður, er að því","búnu , saman við hann steyttur þriðjungur hveitibrauðs mót fiski, 6 eða 7 egg hrær",(martam),,18,18,,,,,,,,,,,,,,,,,,,,
,Fixed,"ttu engiferi eður múskatblóma, salti og ósúrum rjóma, að því",búnu myndast bollurnar allt að einu og segir §. 21. um kjötbollur; áður en þessar,(martam),,18,18,,,,,,,,,,,,,,,,,,,,
,Fixed,sig með bæn og Guðs orði hér í móti að brynja heldur og svo,búinn að vera sína tilheyrendur að verja. En eg læt þetta við sitt verð standa og,(pislarsaga),,17,17,,,,,,,,,,,,,,,,,,,,
,Fixed,ndurnýjað má vel ske að réttargangur íslenskra hefði mér bál,"búið , hvað ég hefði þakkarorð á milli gefið. En minn prófastur sem ég hugði mér m",(pislarsaga),,17,17,,,,,,,,,,,,,,,,,,,,
,Fixed,"nni og sleit mig af Birni, kippandi til mín svo mér var næst",búið falli. En Bjarni Snorrason hljóp þá að og stóð á milli hans og mín. En þeir,(pislarsaga),,17,17,,,,,,,,,,,,,,,,,,,,
,Fixed,ort eg allt af hönum frá upphafi og til endalyktar skuli svo,"búið hafa verða, er betra vita rétt en hyggja rangt, leggjandi þetta eftirskrifað",(pislarsaga),,17,17,,,,,,,,,,,,,,,,,,,,
,Fixed,"valdi sem þar ber úrlausn á gjöra, hvort(1) eg skal allt svo","búið hafa, alla ranglega ákæru eður ásókn sr. J(óns) í ódáðamáli sem hann að mér",(pislarsaga),,17,17,,,,,,,,,,,,,,,,,,,,
,Fixed,t og ekki í bekknum heldur uppi að sitja og því var mér sæti,búið í kórdyrum á lítilli kistu og studdi bakið við kórstafinn á meðan ég las guð,(pislarsaga),,17,17,,,,,,,,,,,,,,,,,,,,
,Fixed,hag og til þénustu að vera í þess stað sem mér hefur í óhag,"búið verið, - á hvörri grein að stendur mikill hluti og partur galdragrunnsóps ef",(pislarsaga),,17,17,,,,,,,,,,,,,,,,,,,,
,Fixed,"í baðstofuna, þar sem ég var fyrir liggjandi, og um hann þar",búið því þeir treystu sér ekki til að varðveita hann frammi. En eitt sinn er hann,(pislarsaga),,17,17,,,,,,,,,,,,,,,,,,,,
,Fixed,"rð og dauði, þó af djöfullegri makt, fyrir sjónum og svo sem","búinn á hverju augnabliki, - því átta ég ekki í rúmri kví að kreppast heldur nauð",(pislarsaga),,17,17,,,,,,,,,,,,,,,,,,,,
,Fixed,"di, og hið sama gjörða ég við Magnús Magnússon, en þó að svo","búnu , svo sem bréf þar um útvísa. Við það illvirki á mér skeð sást Djöfullinn í h",(pislarsaga),,17,17,,,,,,,,,,,,,,,,,,,,
,Fixed,útskrift og beiddist þings og rannsaks af hönum líka að svo,"búnu , svo sem hans afsakanir í því hans bréfi skrifaðar votta, sem mér aftur send",(pislarsaga),,17,17,,,,,,,,,,,,,,,,,,,,
,Fixed,"ar getið, lagðist ég fyrir, örmæddur og slitinn, að öllu svo",búnu ofan í stólparúmkornið sem ég plagaði stundum að hvíla mig í. Gagnaðist mér,(pislarsaga),,17,17,,,,,,,,,,,,,,,,,,,,
,Fixed,tjáir fyrir dóm að leggja. Skildist ég svo við Þuríði að svo,"búnu og kvaddi búendur og heimkynni þess bæjar, eftir það ég hafði talað við Stur",(pislarsaga),,17,17,,,,,,,,,,,,,,,,,,,,
,Fixed,*hermannlega,"búinn , hýr og glaður / hrinda öllum ·ekka·.|JGuðmÁrm|10|17m",(Rms-sitot-17),JGuðmÁrm|10,17m,17,,,,,,,,,,,,,,,,,,,,
,Fixed,Þessi ·borgaraskapur· var allur veglega,búinn .|JÓlInd|92|17m,(Rms-sitot-17),JÓlInd|92,17m,17,,,,,,,,,,,,,,,,,,,,
,Fixed,en hann hlaut að hafa það svo,"búið , og guðs vili og ·ásetníngur· hlaut fram að gánga.|Bisk|269|17m",(Rms-sitot-17),Bisk|269,17m,17,,,,,,,,,,,,,,,,,,,,
,Fixed,Þegar þetta er alt svo til,"búið , það er kallað ·sofn·.|Blanda|392|17s18f",(Rms-sitot-17),Blanda|392,17s18f,17,,,,,,,,,,,,,,,,,,,,
,Fixed,"eg spilið þar með ·unnið·, og nógu traust og varygðarlega um",búið .|Alþb|56|17m,(Rms-sitot-17),Alþb|56,17m,17,,,,,,,,,,,,,,,,,,,,
,Fixed,aftur af dalsmönnum til farargreiða og sat því heima við svo,búið .|Blanda|345|17m,(Rms-sitot-17),Blanda|345,17m,17,,,,,,,,,,,,,,,,,,,,
,Fixed,ftur af dalmönnum til ·farargreiða· og sat því heima við svo,búið .|Blanda|345|17m,(Rms-sitot-17),Blanda|345,17m,17,,,,,,,,,,,,,,,,,,,,
,Fixed,*ei mun ·fyrnd· a heyjum / heyþrot bændum,búið .|TBókm|54|17fm,(Rms-sitot-17),,17fm,17,,,,,,,,,,,,,,,,,,,,
,Fixed,"*Nauðin veldur,",búið ·bast· / bindur keisarann ríka.|HPFlór|46|17m,(Rms-sitot-17),HPFlór|46|,17m,17,,,,,,,,,,,,,,,,,,,,
,Fixed,*Kurteis kvendin kappa höfðu út,"búið / með ·gullvagna·, en merkin mæt / menja lundar báru ágæt.|JEggBlómst|73|17m",(Rms-sitot-17),|JEggBlómst|73,17m,17,,,,,,,,,,,,,,,,,,,,
,Fixed,"·kippandi· til mín, svo mjer var næst",búið falli.|JMPísl|17|17m,(Rms-sitot-17),JMPísl|17,17m,17,,,,,,,,,,,,,,,,,,,,
,Fixed,*·beisklega· var so,"búið um dyr / bifaðist ekki, hurð var kyr.|KolbGrSvr|45|17ms",(Rms-sitot-17),,17f18m,17,,,,,,,,,,,,,,,,,,,,
,Fixed,Var lík hans flutt yfir til Gufuness [ [...]] og,búið þar til ·moldar·.|Ann|468|17f18m,(Rms-sitot-17),Ann|468,17f18m,17,,,,,,,,,,,,,,,,,,,,
,Fixed,"i síðar fyrir sjálft alþing, þá hans ·lest· var til alþingis",búin .|Ann|361|17m18m,(Rms-sitot-17),Ann|361,17m18m,17,,,,,,,,,,,,,,,,,,,,
,Fixed,honum til vel heitrar ·baðstofu·. Var [ [...]] honum kerlaug,búin .|Munnm|9|17fm,(Rms-sitot-17),,17fm,17,,,,,,,,,,,,,,,,,,,,
,Fixed,*bændur sjö þar byggðu hjá /,búin er gestum ·hýra·.|JGuðmÁrm|48|17m,(Rms-sitot-17),JGuðmÁrm|48,17m,17,,,,,,,,,,,,,,,,,,,,
,Fixed,varð ég svo,búinn minn skaða og ·örkumsl· að líða.|JÓlInd|233|17m,(Rms-sitot-17),JÓlInd|233,17m,17,,,,,,,,,,,,,,,,,,,,
,Fixed,Eg mun og í þær mundir hafa verið best,búinn undir ·svigurmælin· og kaldyrjur einar.|JMPísl|113|17m,(Rms-sitot-17),JMPísl|113,17m,17,,,,,,,,,,,,,,,,,,,,
,Fixed,*Ránardætur ·ríði· á slig / ræfils (al. ræfils) hesti,búna .|Ark|263|17f,(Rms-sitot-17),Ark|263,17f,17,,,,,,,,,,,,,,,,,,,,
,Fixed,*um sævar ·dúna· settu,búna / segl við reiða.|Víkr|71|17f,(Rms-sitot-17),Víkr|71,17f,17,,,,,,,,,,,,,,,,,,,,
,Fixed,*að Spanía,búni ·bragning· gegn / boðar fríða drengi.|HPFlór|10|17m,(Rms-sitot-17),HPFlór|10,17m,17,,,,,,,,,,,,,,,,,,,,
,Fixed,Það væri ·þakkarlaust· enn að so,"búnu , þó eg léti þá ljúga það.|GAndrDeil|4|17m",(Rms-sitot-17),GAndrDeil|4,17m,17,,,,,,,,,,,,,,,,,,,,
,Fixed,að því,búnu borðuðu menn úr ·skrínum· sínum sem þeir keiptu fyrir ölmusu sína.|ÁrbFlf|14,(Rms-sitot-17),,17,17,,,,,,,,,,,,,,,,,,,,
,Fixed,ok at því,búnu halda þeir brott þaðan ok þá með ·lausu· ráði. Þóttist engi vita hvert halda,(Rms-sitot-17),,17,17,,,,,,,,,,,,,,,,,,,,
,Fixed,að því,búnu var hleypt af stórum ·stykkjum· þrisvar.|Ann|292|17f18m,(Rms-sitot-17),Ann|292,17f18m,17,,,,,,,,,,,,,,,,,,,,
,Fixed,*Væri sú ekki birtan blíð /,búin á ·himnapöllum·.|BjGissSól|12|17ms18f,(Rms-sitot-17),BjGissSól|12,17ms18f,17,,,,,,,,,,,,,,,,,,,,
,Fixed,*svo,búinn aptur fjandinn fór / með ·flærðarskeytin· sín.|PVídVísn|99|18f,(Rms-sitot-18),PVídVísn|99,18f,18,,,,,,,,,,,,,,,,,,,,
,Fixed,"vera kominn nockru ádr, og vera þá, til fullkomins ·árædis·","búinn , ef tækifæri gefz.|LFR|238|18s",(Rms-sitot-18),LFR|238,18s,18,,,,,,,,,,,,,,,,,,,,
,Fixed,*·Kjalars· drykkju kera lín / kostum,"búinn , glaður eignist niðjinn Árna Jón.|ÁBöðvBráv|cxlix|18ms",(Rms-sitot-18),,18,18,,,,,,,,,,,,,,,,,,,,
,Fixed,Enn er Pétri enginn háski,"búinn , hann er á ·fríum· fæti og situr og vermir sig.|MStFöst|43|18s",(Rms-sitot-18),MStFöst|43,18s,18,,,,,,,,,,,,,,,,,,,,
,Fixed,þá er þeim [:: kúnum] dauði,"búinn , nema fersk ·vötn· og gott hey sjeu við hönd.|Jarðab|36|18f",(Rms-sitot-18),Jarðab|36,18f,18,,,,,,,,,,,,,,,,,,,,
,Fixed,Sá var mjög ·afskræmislega·,"búinn , svo að eingin mannsmynd sást á honum.|ÓDavVik|35|18ms",(Rms-sitot-18),,18,18,,,,,,,,,,,,,,,,,,,,
,Fixed,egin er fiadranna ytri Merg-endi [::fjöðurstafsins] ·skéggi·,búinn .|LFR|3|18s,(Rms-sitot-18),LFR|3|,18s,18,,,,,,,,,,,,,,,,,,,,
,Fixed,"inn smaladrengr, edr þessháttar ·múgi· skuli gánga litklædum",búinn .|OOlLit|5r|18s,(Rms-sitot-18),OOlLit|5r|,18s,18,,,,,,,,,,,,,,,,,,,,
,Fixed,"okkar beztu vörur, þá álykta ég þann bezt farinn, sem getur",búið að sínu.|SPétLeik|21|18s,(Rms-sitot-18),SPétLeik|21,18s,18,,,,,,,,,,,,,,,,,,,,
,Fixed,"kip í Hafnarfjörð, ei allstórt, með ·fallstykkjum· og vörnum",búið .|Ann|175|18s19f,(Rms-sitot-18),,18,18,,,,,,,,,,,,,,,,,,,,
,Fixed,þess ·yfirboðna· erindi var ekki þar með,búið .|HFKvöldv|192|18s,(Rms-sitot-18),HFKvöldv|192,18s,18,,,,,,,,,,,,,,,,,,,,
,Fixed,eigendur hafa hjer ·lángvaranlega·,búið .|Jarðab|75|18f,(Rms-sitot-18),Jarðab|75,18f,18,,,,,,,,,,,,,,,,,,,,
,Fixed,Þá er og földum kvenna ·flug· og forræði,búið .|JSamsKD|XLIII|18m,(Rms-sitot-18),JSamsKD|XLIII,18m,18,,,,,,,,,,,,,,,,,,,,
,Fixed,Þá er og földum kvenna flug og ·forræði·,búið .|JSamsKD|XLIII|18m,(Rms-sitot-18),JSamsKD|XLIII,18m,18,,,,,,,,,,,,,,,,,,,,
,Fixed,"agann vantar, illskan ·leikst·, / er við háska",búið .|PVídVísn|132|18f,(Rms-sitot-18),PVídVísn|132,18f,18,,,,,,,,,,,,,,,,,,,,
,Fixed,*þá mun ei betur,búið / ·barna-moðs· undir varnað.|ÞÞór|240|18ms,(Rms-sitot-18),,18,18,,,,,,,,,,,,,,,,,,,,
,Fixed,"fólk er vant að hafa danssamkvæmi,","búið í allskonar ·hami·, með grýmur fyrir andlitinu.|HFKvöldv|162|18s",(Rms-sitot-18),HFKvöldv|162,18s,18,,,,,,,,,,,,,,,,,,,,
,Fixed,Var haldið svo í ·garð·,"búið með mágunum, að þetta mundi skást afráðið.|JHBisk|316|18f",(Rms-sitot-18),JHBisk|316,18f,18,,,,,,,,,,,,,,,,,,,,
,Fixed,Hér sýnist mjög haganlega um,búið og ·ráðvíslega·.|ÁrbFlf|139|18s,(Rms-sitot-18),ÁrbFlf|139,18s,18,,,,,,,,,,,,,,,,,,,,
,Fixed,hann hefir bæði til,búið sér og notað vænan ·kálgarð·.|ÞorkJóhTrGunn|7|18s,(Rms-sitot-18),ÞorkJóhTrGunn|7,18s,18,,,,,,,,,,,,,,,,,,,,
,Fixed,[::bækurnar] aptur með íslenzku bindi í tréspjöld og hér til,búið skinn og bera í þær mikið skinnlím.|JHBisk|290|18f,(Rms-sitot-18),JHBisk|290,18f,18,,,,,,,,,,,,,,,,,,,,
,Fixed,Hann kveðst hafa,"búið til áhöld, sem leiða hverja ·sjónmynd· beint inn í heilann.|Fjallk|1-3|18s",(Rms-sitot-18),Fjallk|1-3,18s,18,,,,,,,,,,,,,,,,,,,,
,Fixed,"m köllum að víkja, í hverjum þeim ·féll· vel og höfðu um sig",búið til lengri veru.|JHBisk|129|18f,(Rms-sitot-18),JHBisk|129,18f,18,,,,,,,,,,,,,,,,,,,,
,Fixed,Hann hefir þegar,"búið til torpedobál, sem er stjórnað af ·rafmagnsbylgjum·.|Fjallk|29-4|18s",(Rms-sitot-18),Fjallk|29-4,18s,18,,,,,,,,,,,,,,,,,,,,
,Fixed,"tælt Bandaherinn í gildru, heft allar samgaungur og kannske",búið til úr honum ·spað·.|Bjarki|134|18s,(Rms-sitot-18),Bjarki|134,18s,18,,,,,,,,,,,,,,,,,,,,
,Fixed,*·fangelsishúsið· fúlt og kalt / fjörs hafði,búið tjón.|MÍsl|172|18s,(Rms-sitot-18),MÍsl|172,18s,18,,,,,,,,,,,,,,,,,,,,
,Fixed,·skridqvikindi· (insecta) eru flestøll fleyg og fótum,"búin , og nockr af þeim støckva, eru þat [ [...]] flær, lýs, gaungurófur, dordíngl",(Rms-sitot-18),,18,18,,,,,,,,,,,,,,,,,,,,
,Fixed,Nockur ·fræhús· eru fydri,"búin , svo þeim feykir umkríng, at fræit dreifiz víds vegar, þegar þau sprínga.|LF",(Rms-sitot-18),,18,18,,,,,,,,,,,,,,,,,,,,
,Fixed,"d vita hvør ·háska-von· væri, og hvør hætta Stjórnar-løgunum",búin .|MvT|177|18s19f,(Rms-sitot-18),,18,18,,,,,,,,,,,,,,,,,,,,
,Fixed,"og búnu drykkjarhorn þeirrar aldar, svo og reiðskapur allur,","búin ·sverð·, spjót, skildir og brynjur, eiga hér heima hjá öllum smíðisgripum.|P",(Rms-sitot-18),,18,18,,,,,,,,,,,,,,,,,,,,
,Fixed,*Þú ert,búin ·þokkakeim· / þarf ei við þér fúla.|Húnav|43[s18f19]|18s19f,(Rms-sitot-18),,18,18,,,,,,,,,,,,,,,,,,,,
,Fixed,Þá var ein eða önnur af stallsystrum mínum betur,"búin en jeg, og það ·sveið· mjer sárra enn frá megi segja.|HFKvöldv|16|18s",(Rms-sitot-18),HFKvöldv|16,18s,18,,,,,,,,,,,,,,,,,,,,
,Fixed,hurdin er,búin med hiørum og ·klínku· fyrir af járni.|LFR|140|18s,(Rms-sitot-18),LFR|140,18s,18,,,,,,,,,,,,,,,,,,,,
,Fixed,"búnu drykkjarhorn þeirrar aldar, svo og ·reiðskapur· allur,","búin sverð, spjót, skildir og brynjur, eiga hér heima hjá öllum smíðisgripum.|PVí",(Rms-sitot-18),,18,18,,,,,,,,,,,,,,,,,,,,
,Fixed,eru ýmislig ·sképti· á knífa og korda,búin til af hornunum.|LFR|108|18s,(Rms-sitot-18),LFR|108,18s,18,,,,,,,,,,,,,,,,,,,,
,Fixed,*Mun hún ·blómstr bönd· /,búin vera / skúraskýum.|MiltPar|378|18s,(Rms-sitot-18),MiltPar|378,18s,18,,,,,,,,,,,,,,,,,,,,
,Fixed,Þar er ·vor-sólin· afmálud eins og føgur skrautlega,búin Yngismey.|CampeSál|75|18s,(Rms-sitot-18),CampeSál|75,18s,18,,,,,,,,,,,,,,,,,,,,
,Fixed,*blómlit ·bindeni· / voru,búin þar.|MiltPar|358|18s,(Rms-sitot-18),MiltPar|358,18s,18,,,,,,,,,,,,,,,,,,,,
,Fixed,*Þú ert,búin þokkakeim / þarf ei við þér ·fúla·.|Húnav|43[s18f19]|18s19f,(Rms-sitot-18),,18s19f,18,,,,,,,,,,,,,,,,,,,,
,Fixed,Þradr er og úr eyri dreginn og sídan gull- eda ·silfr-,búinn ·.|LFR|47|18s,(Rms-sitot-18),LFR|47,18s,18,,,,,,,,,,,,,,,,,,,,
,Fixed,"hafi hann skoraz undan, berandi fyrir, at hann væri ·óvid-",búinn ·.|LFR|61|18s,(Rms-sitot-18),LFR|61,18s,18,,,,,,,,,,,,,,,,,,,,
,Fixed,*Hringur þingi sverða / sé við,búinn ·Börs· á frú / bens með grúa seiðin nú.|ÁBöðvBráv|45|18ms,(Rms-sitot-18),,18,18,,,,,,,,,,,,,,,,,,,,
,Fixed,*hreisti,búinn ·Hauka· rann / hvør um annan lagdi.|SPétLj|237|18s19f,(Rms-sitot-18),,18,18,,,,,,,,,,,,,,,,,,,,
,Fixed,*Öflugum,búinn / ·arnarvængjum·.|MiltPar|186|18s,(Rms-sitot-18),MiltPar|186,18s,18,,,,,,,,,,,,,,,,,,,,
,Fixed,*stríðsherr,búinn / harðla björtum / ·hildar· skrúða.|MiltPar|177|18s,(Rms-sitot-18),MiltPar|177,18s,18,,,,,,,,,,,,,,,,,,,,
,Fixed,*·Dúnvængjum·,búinn augað á / ýtist þú [þe: svefninn] silkimjúkur heim.|JÞorl|254|18s19f,(Rms-sitot-18),JÞorl|254,18s19f,18,,,,,,,,,,,,,,,,,,,,
,Fixed,"færði hann eitt sinn eyjabúum stóran, vel út","búinn bát, ásamt netatrossu til ·reknetaveiða·.|Andv|45|18s",(Rms-sitot-18),Andv|45,18s,18,,,,,,,,,,,,,,,,,,,,
,Fixed,*Hringur þingi sverða / sé við,búinn Börs á frú / ·bens· með grúaseiðin nú.|ÁBöðvBráv|145|18ms,(Rms-sitot-18),,18ms,18,,,,,,,,,,,,,,,,,,,,
,Fixed,*Kjalars drykkju ·kera· lón / kostum,búinn glaður / eignist niðjinn Árna Jón.|ÁBöðvBráv|CXLIX|18ms,(Rms-sitot-18),,18ms,18,,,,,,,,,,,,,,,,,,,,
,Fixed,*Stengi snúna blaka,búna / ·búrhvala· túna valan grá.|ÁBöðvBráv|53|18ms,(Rms-sitot-18),,18ms,18,,,,,,,,,,,,,,,,,,,,
,Fixed,*idgio lld væn ok baud·gi·,"búna / beztr grannt, at nezti vanti.|LFR|236|18s",(Rms-sitot-18),LFR|236,18s,18,,,,,,,,,,,,,,,,,,,,
,Fixed,*Strengi snúna ·blakar·,búna / búrhvals túna valan grá.|ÁBöðvBráv|53|18ms,(Rms-sitot-18),,18ms,18,,,,,,,,,,,,,,,,,,,,
,Fixed,fjörgin falds,búna / fegri en ·gláms· rúna / vopna tíma.|PVídVísn|171|18f,(Rms-sitot-18),PVídVísn|171,18f,18,,,,,,,,,,,,,,,,,,,,
,Fixed,*frá hønum núna frædid,búna / ferdum ·annar·.|ÁBöðvAgn|49|18ms,(Rms-sitot-18),,18s,18,,,,,,,,,,,,,,,,,,,,
,Fixed,"Rótin eru þær smátaugar, hvar af ·lénurnar· eru til",búnar .|Sunnf|75|18s,(Rms-sitot-18),Sunnf|75,18s,18,,,,,,,,,,,,,,,,,,,,
,Fixed,þessara annattveggia ferliga stórar og svo hørdu ·hreistri·,búnar [ [...]] eda þær eru smávaxnar og húdberar.|LFR|120|18s,(Rms-sitot-18),LFR|120,18s,18,,,,,,,,,,,,,,,,,,,,
,Fixed,menn og konur vóru þar [ [...]],búnar dýrustu ·silkiklædum·.|MStVin|266|18s,(Rms-sitot-18),MStVin|266,18s,18,,,,,,,,,,,,,,,,,,,,
,Fixed,*Svarti fuglinn ·fiðr-,búni · / fannst um daginn útí túni.|EÓlKv|215|18m,(Rms-sitot-18),EÓlKv|215,18m,18,,,,,,,,,,,,,,,,,,,,
,Fixed,"Hverr má þola, að silfurbelti og ·","búnir · knífar skuli til hvinnsku reiknast, en sauður veturgamall til eyris stulda",(Rms-sitot-18),,18,18,,,,,,,,,,,,,,,,,,,,
,Fixed,"Hverr má þola, að silfurbelti og","búnir knífar skuli til hvinnsku reiknast, en sauður veturgamall til eyris ·stulda",(Rms-sitot-18),,18,18,,,,,,,,,,,,,,,,,,,,
,Fixed,*hvílandi þeir / á ·blómstrbeðum· /,búnir krönsum.|MiltPar|147|18s,(Rms-sitot-18),MiltPar|147,18s,18,,,,,,,,,,,,,,,,,,,,
,Fixed,"Yt. [::brúkast sumtag] í ·þófa·, sem allt eins eru","búnir til og lenur, en lángtum snotrari, og betri enn ullar-þófar.|LFR|166|18s",(Rms-sitot-18),LFR|166,18s,18,,,,,,,,,,,,,,,,,,,,
,Fixed,Ad hueriu [þ.e. stafrófskverinu] skickanlega,"búnu , ætla má þad [þ.e. barnið] fáe ser ·fleytt· i ødrum Bókum.|GPStöf|16|18s",(Rms-sitot-18),GPStöf|16,18s,18,,,,,,,,,,,,,,,,,,,,
,Fixed,at því,"búnu , hreinsar hann alla vætu úr ·andrúminu· med øflugu frísi.|LFR|115|18s",(Rms-sitot-18),LFR|115,18s,18,,,,,,,,,,,,,,,,,,,,
,Fixed,at því,"búnu , hreinsar hann alla vætu úr andrúminu med øflugu ·frísi·.|LFR|115|18s",(Rms-sitot-18),LFR|115,18s,18,,,,,,,,,,,,,,,,,,,,
,Fixed,"hrært med járnskóflunni, at sem best samanblandiz, og at því",búnu ·dembt· í lútarsáinn.|LFR|134|18s,(Rms-sitot-18),LFR|134,18s,18,,,,,,,,,,,,,,,,,,,,
,Fixed,Að því,"búnu ·jaðrar· maður saman brekanið, hellir síðan í heitu þvæli, eða, ef fæst, hve",(Rms-sitot-18),,18,18,,,,,,,,,,,,,,,,,,,,
,Fixed,"þær [::vínþrúgur] stundum nýar sognar og þurkadar, og at því",búnu ·Rúsínur· heitnar.|LFR|26|18s,(Rms-sitot-18),LFR|26,18s,18,,,,,,,,,,,,,,,,,,,,
,Fixed,Eður því skyldu ei þau gröfnu og,"búnu drykkjarhorn þeirrar aldar, svo og reiðskapur allur, búin ·sverð·, spjót, sk",(Rms-sitot-18),,18,18,,,,,,,,,,,,,,,,,,,,
,Fixed,at svo,búnu er límit ·síat· á stórgérdum síl.|LFR|237|18s,(Rms-sitot-18),LFR|237,18s,18,,,,,,,,,,,,,,,,,,,,
,Fixed,og að því,búnu er þunnu lagi af ·smjörsalti· stráð á botninn og innan um það [::ílát].|Bún|,(Rms-sitot-18),,18,18,,,,,,,,,,,,,,,,,,,,
,Fixed,At svo,búnu geymir hann þetta í ·steindu· leirkeri.|LFR|69|18s,(Rms-sitot-18),LFR|69,18s,18,,,,,,,,,,,,,,,,,,,,
,Fixed,Að því,"búnu jaðrar maður saman brekanið, hellir síðan í heitu ·þvæli·, eða, ef fæst, hve",(Rms-sitot-18),,18,18,,,,,,,,,,,,,,,,,,,,
,Fixed,at svo,búnu leidréttiz stíll þeirra [::rita] of ·ordatiltæki·.|LFSkrá|4|18s,(Rms-sitot-18),LFSkrá,18s,18,,,,,,,,,,,,,,,,,,,,
,Fixed,Ad því,"búnu sendist þad tafarlaust skrifad hlutadeganda ·Yfirvaldi·, sem strax nefni til",(Rms-sitot-18),,18,18,,,,,,,,,,,,,,,,,,,,
,Fixed,At því,"búnu skal honum [::ostinum] ausit uppá málara-hellu ·ívolga·, og blanda lifanda (",(Rms-sitot-18),,18,18,,,,,,,,,,,,,,,,,,,,
,Fixed,ad þessu so,búnu spurdest presturenn S$^{a} Sigurdur fijrer effter kÿrkiu bökenne sem vel Eru,(Rms-sitot-18),,18,18,,,,,,,,,,,,,,,,,,,,
,Fixed,At því,búnu tekr hún yfir um báda ·mióaleggina·.|SaxtYfirs|65|18s,(Rms-sitot-18),SaxtYfirs,18s,18,,,,,,,,,,,,,,,,,,,,
,Fixed,At svo,"búnu tekr madr ·dulu· einhvøria, og breidir framan á sobninn.|LFR|149|18s",(Rms-sitot-18),LFR|149,18s,18,,,,,,,,,,,,,,,,,,,,
,Fixed,Hrognkélsa-veidar í útdregnum ·þorska·- og þar til,búnum tog-¡netum¡.|MvT|426|18s19f,(Rms-sitot-18),,18s19f,18,,,,,,,,,,,,,,,,,,,,
,Fixed,upptekid Hrognkélsa-veidar í ·útdregnum· þorska- og þar til,búnum tog-netum.|MvT|426|18s19f,(Rms-sitot-18),,18s19f,18,,,,,,,,,,,,,,,,,,,,
,Fixed,*verju ·bör· því,búinn með sóma / bað mig að smíða ljóða skeið.|ÓDavVik|315|18ms,(Rms-sitot-18),,18ms,18,,,,,,,,,,,,,,,,,,,,
,Fixed,Þad er aldrei ·beinari· braut,"búin , til ad gjøra, jafnvel þau skørpustu børn gáfulaus.|CampeSið|184|18s",(Rms-sitot-18),CampeSið|184,18s,18,,,,,,,,,,,,,,,,,,,,
,Fixed,*boða þér blóð og,búinn sultar ·skæl·.|BenGröndKv|150|18s19f,(Rms-sitot-18),,18s19f,18,,,,,,,,,,,,,,,,,,,,
,Fixed,g ef hún er ein á ferð og hittir einhvern sem ekki er lörfum,"búinn , þá slær hún upp á í gamni að hann gangi með, og er hann til með það, og er",(synis),,18,18,,,,,,,,,,,,,,,,,,,,
,Fixed,ur skær frá Hlíðarenda hám því Gunnar ríður atgeirnum beitta,búinn . Honum nær dreyrrauðum hesti hleypir gumi fríður og bláu saxi gyrður yfir g,(synis),,18,18,,,,,,,,,,,,,,,,,,,,
,Fixed,ef til vill týndur? Það hafði ávallt verið svo illa um hann,búið . Skyldi ekki nafnið hans sjálfs hafa slitnað innan úr honum? Hvað skyldi hún,(synis),,18,18,,,,,,,,,,,,,,,,,,,,
,Fixed,"er fátækt, rúið, agann vantar, illskan leikst, er við háska",búið . Um sýslumann Kúgaðu fé af kotungi svo kveini undan þér almúgi. Þú hefnir þe,(synis),,18,18,,,,,,,,,,,,,,,,,,,,
,Fixed,"tus sá að sönnu þar sín ráð máttu ei gilda par, upphlaup sér","búið hræddist hann, hugði að stilla vanda þann, fullnægja vildi fólksins bón, fá",(synis),,18,18,,,,,,,,,,,,,,,,,,,,
,Fixed,rsjónar yfir mér leiddi hann mig í þau bestu hús hvar ég gat,búið mig undir eilíft líf. Að síðustu má ég minnast þess að mínir heittelskuðu hú,(synis),,18,18,,,,,,,,,,,,,,,,,,,,
,Fixed,ð tala. En vér vorum byrjaðir og nenntum ei að hætta við svo,"búið og biðjum yður því, landar góðir! að virða oss á hægri veg þó vér sendum yðu",(synis),,18,18,,,,,,,,,,,,,,,,,,,,
,Fixed,"g Fjalar. En hinumegin föstum standa fótum, blásvörtum feldi","búin , Tindafjöll, og grænu belti gyrð á dalamótum. Með hjálminn skyggnda, hvítri",(synis),,18,18,,,,,,,,,,,,,,,,,,,,
,Fixed,"safold, 1956. KRISTJÁN JÓNSSON FJALLASKÁLD Ljóðmæli. 2. útg.","Búin til pr. eftir Jón Ólafsson, Rv., Sigurður Kristjánsson, 1890. JÚLÍANA JÓNSDÓ",(synis),,18,18,,,,,,,,,,,,,,,,,,,,
,Fixed,"ður standa stúlkurnar úti við dyrnar, glaðar og kátar og vel","búnar , og gefa þeim auga sem um götuna ganga, og ef þær sjá einhvern ganga þar um",(synis),,18,18,,,,,,,,,,,,,,,,,,,,
,Fixed,"ar. Jeg verð að sitja hjer, þangað til jeg fæ skeyti. Að því","búnu , ætla jeg, ef guð lofar, að skrifa Þjer auÿ \WORK\##777019.APC  sjálfan si",(synis),,18,18,,,,,,,,,,,,,,,,,,,,
,Fixed,"blessaðir míns föður, og eignizt það ríki, sem yður er fyrir","búið í frá upphafi veraldar (Matth. 25), jafnvel þótt ekki láti þessir hvorutvegg",(vidpost),,18,18,,,,,,,,,,,,,,,,,,,,
,Live,"hvammshólar ·forlagðir·, og búið í Hlíðarhvammi. Í fyrra var",búið í hvörutveggju kotinu.|Jarðab|301|18f,(Rms-sitot-18),Jarðab|301,18f,18,,,,,,,,,,,,,,,,,,,,
,Live,"ólfsdóttir, prófasti áður kunnug, því foreldrar hennar höfðu","búið á Þverá á Síðu, hvar prófastur fyrr meir, þá hann var í skóla, hafði oft gis",(ÆVISAGAN),,18,18,,,,,,,,,,,,,,,,,,,,
,Live,"fram. Þessi tollur kom þanninn til. Sagt er, ein valva hafi",búið í páfadómi á Felli og jafnvel átt þá jörð. Leiði hennar er sagt þar sé austu,(ÆVISAGAN),,18,18,,,,,,,,,,,,,,,,,,,,
,Live,ei til að hér skuli aðrir inni vera) sem lengst hefur giftur,"búið og í boðinu er, skal brúðguma bóndanafn gefa með grein og djörfung, uppstand",(eggbrud),,18,18,,,,,,,,,,,,,,,,,,,,
,Live,"·bevísanlega· fram kemur, að Anno 1640 hafi Ívar á jörðunni",búið .|Alþb|88|17m,(Rms-sitot-17),Alþb|88,17m,17,,,,,,,,,,,,,,,,,,,,
,Live,á hverri jörðu greindur Þorlákur hefði nokkur ár,búið og síðan ·útbyggður· af Árna.|Alþb|336|17m,(Rms-sitot-17),Alþb|336,17m,17,,,,,,,,,,,,,,,,,,,,
,Live,Þorlákur hefði nokkur ár,"búið og síðan útbyggður af Árna Oddssyni, en aptur ·innbyggt· Gizuri.|Alþb|336|17",(Rms-sitot-17),,17,17,,,,,,,,,,,,,,,,,,,,
,Live,"og eru munnmæli, að þar hafi smiður",búið ·einmana·.|Jarðab|276|18f,(Rms-sitot-18),Jarðab|276,18f,18,,,,,,,,,,,,,,,,,,,,
,Live,Í nokkur og 30 ár hafa eignarmenn,búið á heimajörðunni og þeirra ·náúngar·.|Jarðab|67|18f,(Rms-sitot-18),Jarðab|67,18f,18,,,,,,,,,,,,,,,,,,,,
,Live,síðan hafa eigendur á,"búið eður þeirra ·náúngar·, og hefur því engin landskuld verið áskilin.|Jarðab|32",(Rms-sitot-18),,18f,18,,,,,,,,,,,,,,,,,,,,
,Live,ei hefur þar verið,búið frá ·gamallri· tíð.|Jarðab|62|18f,(Rms-sitot-18),Jarðab|62,18f,18,,,,,,,,,,,,,,,,,,,,
,Live,"að Skottar þeir, er",búið hafi við England ·grenndir· hafi með nábúaskap Anglo-Saxonum forlátið sína e,(Rms-sitot-18),,18,18,,,,,,,,,,,,,,,,,,,,
,Live,"Nokkrum árum síðar voru Hlíðarhvammshólar ·forlagðir·, og",búið í Hlíðarhvammi. Í fyrra var búið í hvörutveggju kotinu.|Jarðab|301|18f,(Rms-sitot-18),Jarðab|301,18f,18,,,,,,,,,,,,,,,,,,,,
,Live,"Tómthúsin· voru að fornu yfir 40 að tölu, en nú er aðeins",búið í sjö þeirra.|JGÓlSög|212|18s,(Rms-sitot-18),JGÓlSög|212,18s,18,,,,,,,,,,,,,,,,,,,,
,Live,"að það taki nafn af nokkurri kvennsvift, sem",búið skuli hafa í Fagradal og brúkað þetta pláts jafnlega fyrir ·bænastað·.|Jarða,(Rms-sitot-18),,18,18,,,,,,,,,,,,,,,,,,,,
,Live,"·Rankar· menn ogsvo til fólks, sem lifað hefur í afdölum og",búið til fjalla.|SPétLeik|11|18s,(Rms-sitot-18),SPétLeik|11|,18s,18,,,,,,,,,,,,,,,,,,,,
,Live,Í Ólafseyjum hefur einu sinni næst fyrir ·mannaminni·,"búið verið í tvö ár, en hvörki áður nje eftir.|Jarðab|136|18f",(Rms-sitot-18),Jarðab|136,18f,18,,,,,,,,,,,,,,,,,,,,
,Live,"r skemur, æðið lengur, og eru þó dæmi til þess að sumir hafa",búið svo lengi að heiftinni að þeir aldrei hafa orðið heilvita aftur. Heiftin er,(synis),,18,18,,,,,,,,,,,,,,,,,,,,
,Prepared,*·Kapteinn· drauma kalla fer / því knørinn svæfla,búinn er.|SPétLj|75|18s19f,(Rms-sitot-18),,18s19f,18,,,,,,,,,,,,,,,,,,,,
,Prepared,"endut, voru borð niðrtekin, með sama hraðleik, sem þau fyrr","búin voru. Miðdagsmáltíðin var sparlig, enn þó sjerliga notagóð og þægilig. Eige",(klim),,18,18,,,,,,,,,,,,,,,,,,,,
,Prepared,"ss. Morguninn eftir í dögun búum við oss til ferðar, og erum","búnir , þá hyskið fer á fætur, þökkum bónda fyrir allt vel gert, en ei hitt, og se",(ÆVISAGAN),,18,18,,,,,,,,,,,,,,,,,,,,
,Prepared,"síra Jóns. Hann hélt manni mínum svo lengi hjá sér, þar til","búin voru leynibréf, er hann sendi með honum fyrir mág sinn, síra Jón Vídalín, hv",(ÆVISAGAN),,18,18,,,,,,,,,,,,,,,,,,,,
,Prepared,*Bylgju jór er,"búinn stór, / byrinn tekur að ·gleðja·.|HPKrók|21|17m",(Rms-sitot-17),HPKrók|21,17m,17,,,,,,,,,,,,,,,,,,,,
,Prepared,"*,,Risans ·brytskálm·",búna / þanninn vansa lundi léð / laufinn verður núna.|JEggBlómst|60|17m,(Rms-sitot-17),JEggBlómst|60,17m,17,,,,,,,,,,,,,,,,,,,,
,Prepared,"*Drekinn ·bagast·, burtu jagast, /",búinn fjanda grandi.|ÁBöðvBráv|30|18ms,(Rms-sitot-18),,18ms,18,,,,,,,,,,,,,,,,,,,,
,Prepared,*gotann ·húna· hlóðu,"búna , / héldu núna út á sjó.|ÁJSvað|23|18s",(Rms-sitot-18),ÁJSvað,18ms,18,,,,,,,,,,,,,,,,,,,,
,Prepared,*Rakins ·húna· hafs á brún / hilding,búna setu þar.|ÁBöðvBráv|17|18ms,(Rms-sitot-18),,18ms,18,,,,,,,,,,,,,,,,,,,,
,Prepared,óttalegt ·rykti· vard ódum hátaladra um ófarir stadnum,búnar .|MvT|17|18s,(Rms-sitot-18),MvT|17,18s,18,,,,,,,,,,,,,,,,,,,,
,Prepared,"Frammi í ·barkanum· hvíla skipveriar 8 saman, náttvodum",búnir .|LFR|174|18s,(Rms-sitot-18),LFR|174,18s,18,,,,,,,,,,,,,,,,,,,,
,Prepared,*Þessir komu Brædur,búnir í ·Bugnis· Ora.|ÞGbrÚlf|58|18s,(Rms-sitot-18),ÞGbrÚlf|58,18s,18,,,,,,,,,,,,,,,,,,,,
,Prepared?,,Búinn er ·hundr· þá hristir sig.|MhsÁV|8vo|18s,(Rms-sitot-18),MhsÁV|8vo,18s,18,,,,,,,,,,,,,,,,,,,,
,Prepared?,*·lángt· finnst þeim sem,búinn bíðr.|EÓlKv|184|18m,(Rms-sitot-18),EÓlKv|184,18m,18,,,,,,,,,,,,,,,,,,,,
fyrr,,Fyrr en,"búið er að ·skaka·, hitnar ei réttilega í korninu, hvar á góðar gætur þarf hafa,",(Rms-sitot-17),,17,17,,,,,,,,,,,,,,,,,,,,
fyrr,,þeir vilja hann ekki acceptera fyrr en,"búið sé hann að corrigera frá toppi til ·tá·, hvað rectores hafa að sér tekið.|JÞ",(Rms-sitot-18),,18,18,,,,,,,,,,,,,,,,,,,,
fyrr,,"kt ad þau [::bréf] hefdu prentast, fyrr enn hann hefdi verid",búinn ad ·kara· þau betur.|HFinnsÆv|9|18s,(Rms-sitot-18),HFinnsÆv|9,18s,18,,,,,,,,,,,,,,,,,,,,
nær,,nær hann er,"búinn at sýna þá ·sameiníng·, sem járnið geti haft med ødrum málmtegundum, og huø",(Rms-sitot-18),,18,18,,,,,,,,,,,,,,,,,,,,
nær,,eg eitt af fornaldarmóð til gamans. Nær eg skyldi hvílast og,"búið var að draga af mér stígvélin, dregur hún af mér sokkana sjálf. Þar er við h",(ÆVISAGAN),,18,18,,,,,,,,,,,,,,,,,,,,
none,,"eg kem ofan á bryggju aftur til þeirra og finn þá, eru þeir","búnir að kaupa fiskinn svo mikinn sem til stóð, að ei þurfti annað en binda, og s",(ÆVISAGAN),,18,18,,,,,,,,,,,,,,,,,,,,
none,,Varla var eg ·,búinn · að amena fyrra pistilinn til þín fyrr en mér kom í hug að fela þér á hendu,(Rms-sitot-18),,18,18,,,,,,,,,,,,,,,,,,,,
none,Anterior,itt konuefni að sjá fyrr en kaupmálinn er staðfestur og hana,búið að flytja heim í brúðgumans hús. Verður hver sá sem vill gifta sig accordera,(eggbrud),,18,18,,,,,,,,,,,,,,,,,,,,
none,Anterior,"dull lítill, er til smekk","búnar , þegar nóg soðið er og maukið mátulega þykkt orðið. §. 23. Vandað ertumauk",(martam),,18,18,,,,,,,,,,,,,,,,,,,,
none,Anterior,,"búinn er eg að fá ein og önnur góð document, xx sem sýna að eg ·fer· með sönnu má",(Rms-sitot-18),,18,18,,,,,,,,,,,,,,,,,,,,
none,Anterior,ns rann. Oft var þá hrelldur hann. Fyrir blóð lambsins blíða,"búinn er nú að stríða og sælan sigur vann."" Þá muntu, sál mín, svara, syngjandi f",(synis),,18,18,,,,,,,,,,,,,,,,,,,,
none,Anterior,og komædiur með handverkum og öðrum uppáfindingum sem nú eru,búin eftir 60 ára tíma að bæta það land svo það er nú reiknað meðal hinna voldugu,(eggbrud),,18,18,,,,,,,,,,,,,,,,,,,,
none,,"n upp með stórum organdi hljóðum, og segir: ""Þér skuluð vera","búnir innan hálfs mánaðar að svara honum út til okkar hreppstjóra að þakkarlausu,",(ÆVISAGAN),,18,18,,,,,,,,,,,,,,,,,,,,
none,,Þjer munuð vera,búnir að heyra ·bágindi· mín? herra Pjetur!|HFKvöldv|71|18s,(Rms-sitot-18),HFKvöldv|71,18s,18,,,,,,,,,,,,,,,,,,,,
none,,"t á flædi-engi, óttast fyrir fyrir, ad hann máské verdi ecki",búinn ad ná því fyrir ·stór-strauminn·.|CampeSið|136|18s,(Rms-sitot-18),CampeSið|136,18s,18,,,,,,,,,,,,,,,,,,,,
none,,"töðu, tvisvar 27 faðma, og sá svo vildi af komast skal vera","búinn að slá og hirða af túni, heiði og bæjargili á mánaðartíma, og svo kemst han",(ÆVISAGAN),,18,18,,,,,,,,,,,,,,,,,,,,
none,,á að vera,búinn að ljúka ·uppskrift· landsins á 5 árum.|Ann|607|17f18m,(Rms-sitot-17),Ann|607,18m,18,,,,,,,,,,,,,,,,,,,,
none,,sjálfs hafa slitnað innan úr honum? Hvað skyldi hún nú vera,búin að græða mikla peninga? Skyldi hún nú verða á emigrantahúsinu? Hvernig átti,(synis),,18,18,,,,,,,,,,,,,,,,,,,,
none,,"eg vita, að þessi Fellstollur og þau grófheit, sem þar í er","búið að brúka, verða ekki beinke, ef svo er framhaldið sem byrjað er. Furðar mig,",(ÆVISAGAN),,18,18,,,,,,,,,,,,,,,,,,,,
none,,"Sveinsson, hversu stór hún væri. Þá, sem nógu eru gamlir, er","búið nú að skikka til fátæku brauðanna, en þeir, sem sig hafa til skóla kostað, þ",(ÆVISAGAN),,18,18,,,,,,,,,,,,,,,,,,,,
none,,"egi eg, ""að stórærlega húsbændur átt þú, að þú ert svo lengi","búin að vera hjá þeim í svoddan sýsli, sem hér kvað vera, enda er einhver nýtileg",(ÆVISAGAN),,18,18,,,,,,,,,,,,,,,,,,,,
none,,manni austast af því og svo segir mér nú hugur um því eg er,"búinn að biðja guð að launa þér fyrir mig og barn mitt, að guð muni þér einhvern",(ÆVISAGAN),,18,18,,,,,,,,,,,,,,,,,,,,
none,,"gja það aftur annars staðar, þar hvorugt það að sækir, og er",búinn að flytja þar að grjót og hellu. 13. Hefur hann í efstu og beztu högum jarð,(ÆVISAGAN),,18,18,,,,,,,,,,,,,,,,,,,,
none,,", sem við hefur borið, sérdeilis hér innanlands; er eg þó ei","búinn að fullkomna hana eftir minni vild. Eina bók hef eg samantekið, hvar í eru",(ÆVISAGAN),,18,18,,,,,,,,,,,,,,,,,,,,
none,,"mínu einkamáli. Hann svarar: ""Þú hefur mig afsakaðan, þú ert","búinn að heyra og sjá, hverninn það fer. Eg hlýt að vera neutral. Eg vil, mér sé",(ÆVISAGAN),,18,18,,,,,,,,,,,,,,,,,,,,
none,,tist þar yfir síðan. En hundrað faðma langan túngarð er hann,"búinn að hlaða á einn veg forsvaranlega fyrir því, hvar á er eitt hlið og grind í",(ÆVISAGAN),,18,18,,,,,,,,,,,,,,,,,,,,
none,,"g, hvað það megi vera, og komst loksins að, að þessi dans er",búinn að hræra svo mína sansa og blóð; að eg er farinn að hræra mig og róa til og,(ÆVISAGAN),,18,18,,,,,,,,,,,,,,,,,,,,
none,,"g mási, - þetta voru raunar tveir af oss. Mitt í því hann er","búinn að leggja tvö eður 3 högg, æðir sýslumaður Bjarni Halldórsson inn í skólann",(ÆVISAGAN),,18,18,,,,,,,,,,,,,,,,,,,,
none,,"fer inn, er þar stundarkorn, kemur út aftur og segir: ""Eg er","búinn að leita um allt, og er hér engin stöng"". En hann fór inn að fela hana fyri",(ÆVISAGAN),,18,18,,,,,,,,,,,,,,,,,,,,
none,,"mili, er vinnumannslaus, á engan mannshlut í útverum, er enn","búinn að missa úr pestinni eina kú, og önnur hefur ei síðan á sumarmál á fæturnar",(ÆVISAGAN),,18,18,,,,,,,,,,,,,,,,,,,,
none,,"sögu, sem átti að minna ykkur á Þénustusemisskyldu; eruð þið","búin að gleyma henni? Jakob litla, Gottvills elsta son, rankaði fyrstann við henn",(campsid),,18,18,,,,,,,,,,,,,,,,,,,,
none,,"maðr at láta sinn úrskurð bíða þángað til, at maðr er fyrst",búinn at gegnumskoða og ransaka hlutinn rjett innvirðuliga. 2.) Þá nockr er klaga,(klim),,18,18,,,,,,,,,,,,,,,,,,,,
none,,"ð, enn at menn skylldu hlýða þeim eður heiðra þau. Þá þú ert","búinn at lesa sjálfr bókena í gegnum, þá getur þú gjörðt síðan hvað þú villt. Enn",(klim),,18,18,,,,,,,,,,,,,,,,,,,,
none,,Nú er eg,búin að bylta fyrir mér þessu ·orði· þekktu þig sjálfan.|GAndrDeil|8|17m,(Rms-sitot-17),GAndrDeil|8,17m,17,,,,,,,,,,,,,,,,,,,,
none,,Nú er eg,búinn að ·bylta· fyrir mér þessu orði þekktu þig sjálfan.|GAndrDeil|8|17m,(Rms-sitot-17),GAndrDeil|8,17m,17,,,,,,,,,,,,,,,,,,,,
none,,því fyrir löngu er ég,búin að ·láta· upp með honum Andrési.|SPétLeik|37|18s,(Rms-sitot-18),SPétLeik|37,18s,18,,,,,,,,,,,,,,,,,,,,
none,,Ertu,búin ad hella á ·bollann· handa mér?|HFKvöldv|76|18s,(Rms-sitot-18),HFKvöldv|76|,18s,18,,,,,,,,,,,,,,,,,,,,
none,,Fríða er,búin að koma öllum fallegum stúlkum [ [...]] út úr ·húsi· hjá mjer.|HFKvöldv|161|,(Rms-sitot-18),,18,18,,,,,,,,,,,,,,,,,,,,
none,,Ecki er Spán enn þá,"búin ad útgefa ·Lódsedla· frá sér, eptir því í fyrra samda skipta-bréfi, uppá Por",(Rms-sitot-18),,18,18,,,,,,,,,,,,,,,,,,,,
none,,er hún nú,búin ad vera í tíu ·vistum·.|GuðmJSum|94|18s,(Rms-sitot-18),GuðmJSum|94,18s,18,,,,,,,,,,,,,,,,,,,,
none,,J kórnum eins og Frammkyrkiunn er Veggurinn,búinn ad ·fegia· mikin edur mestan Part af þiliunum.|Bps|565|18s,(Rms-sitot-18),Bps|565,18s,18,,,,,,,,,,,,,,,,,,,,
none,,Þessi dans er,búinn að ·hræra· svo mína sansa og blóð.|JStgrÆv|314|18s,(Rms-sitot-18),JStgrÆv|314,18s,18,,,,,,,,,,,,,,,,,,,,
none,,Halldór er,búinn að ·innsenda· liðlega erklæring upp á klögun Ólafs Ingimundssonar.|GVídBr|1,(Rms-sitot-18),,18,18,,,,,,,,,,,,,,,,,,,,
none,,Eg er,búinn að ·lakka· seðil minn til Páls.|GVídBr|31|18s19f,(Rms-sitot-18),,18,18,,,,,,,,,,,,,,,,,,,,
none,,Nú er Petræus,búinn að ·segja· mér upp húsinu til í september að ári.|GVídBr|113|18s19f,(Rms-sitot-18),,18,18,,,,,,,,,,,,,,,,,,,,
none,,"*,,Við mig er hann",búinn að binda trú / og ·blíðuna· kanna mína.|ÓDavVik|302|18ms,(Rms-sitot-18),,18,18,,,,,,,,,,,,,,,,,,,,
none,,Halldór er,búinn að innsenda ·liðlega· erklæring upp á klögun Ólafs.|GVídBr|168|18s19f,(Rms-sitot-18),,18,18,,,,,,,,,,,,,,,,,,,,
none,,vestanpósturinn er,"búinn að ríða mér hreint á ·slig·, var og auðvelt að sliga þann, sem aldrei var b",(Rms-sitot-18),,18,18,,,,,,,,,,,,,,,,,,,,
none,,Þad má vera undarleg samvitska. Þú ert,búinn ad tína nidr ·spurníngunum·.|MKetHest|35|18s,(Rms-sitot-18),MKetHest|35|,18s,18,,,,,,,,,,,,,,,,,,,,
none,,"ndi, réttlæti frænda míns og conveifum ·fandans·, er eg öllu",búinn að troða í seðil til Árna.|GVídBr|172|18s19f,(Rms-sitot-18),,18,18,,,,,,,,,,,,,,,,,,,,
none,,Loks er þá Austri ·skinnið·,"búinn að vefja sig svo inn í sína eigin hugsunarflækju, að.|Bjarki|149|18s",(Rms-sitot-18),Bjarki|149,18s,18,,,,,,,,,,,,,,,,,,,,
none,,"sem jeg nú, með ·raupinu· og öllusaman, er",búinn að vera í 30 ár.|HFKvöldv|145|18s,(Rms-sitot-18),HFKvöldv|145,18s,18,,,,,,,,,,,,,,,,,,,,
none,,og jafnótt sem hver er,"búinn af candidatis, fer hann þar að fullnægja síns ·góms· lyst.|HFinnsAndv|41|18",(Rms-sitot-18),,18,18,,,,,,,,,,,,,,,,,,,,
none,,Heidíngjarnir vóru,"búnir ad ·kasta· fyrir ódal, og gleyma øllu því, sem Gud hafdi sagt þeirra forfed",(Rms-sitot-18),,18,18,,,,,,,,,,,,,,,,,,,,
none,,"Múlasýslumenn hafa flestir oftraust á guði, þegar þeir eru",búnir að ·koma· fé upp.|GVídBr|72|18s19f,(Rms-sitot-18),,18,18,,,,,,,,,,,,,,,,,,,,
none,,er bæði eg og aðrir,"búnir að reka burt allan vorn pening, ef ske kynni hann gæti batnað undir ·hnífin",(Rms-sitot-18),,18,18,,,,,,,,,,,,,,,,,,,,
none,,er hún nú ·,búin · ad vera í tíu vistum.|GuðmJSum|94|18s,(Rms-sitot-18),GuðmJSum|94,18s,18,,,,,,,,,,,,,,,,,,,,
none,,til svaraði biskupinn: ·Ey·! Er ekki vísilögmaðurinn enn þá,búinn með sín bréf.|TBókm|189|18f,(Rms-sitot-18),TBókm|189,18f,18,,,,,,,,,,,,,,,,,,,,
none,,"eins og sá ·daglaunamaður·, sem veit með sjer, að hann er",búinn með sóma að ljúka af verki sínu.|HFKvöldv|246|18s,(Rms-sitot-18),HFKvöldv|246,18s,18,,,,,,,,,,,,,,,,,,,,
none,,"Birni. Mér verður hússins dæmi sem í hallri brekku stendur,",búið er að brátt muni falla. Böl í skap er runnið. Svigna súlur fornar en salviðu,(synis),,18,18,,,,,,,,,,,,,,,,,,,,
none,,durðu ég hafi tíma til að hanga yfir þér allan daginn? Ég er,"búin að vera allt of lengi úti."" Þessar viðtökur voru svo allt öðruvísi en hann h",(synis),,18,18,,,,,,,,,,,,,,,,,,,,
none,,ndreið upp að Stórasjó og Köldukvíslarbotnum. Stóri-Kolur er,"búinn að búa um sig í holu í jörðinni. Þorgrímur Jónsson, glímumaðurinn mikli, fó",(synis),,18,18,,,,,,,,,,,,,,,,,,,,
none,,"líður sjálfum mjer, Sir! Ekki veit jeg það. Nema hvað jeg er",búinn að fá einhver sárindi framan á sköflunginn á hægra fætinum; og er Dr. Stech,(synis),,18,18,,,,,,,,,,,,,,,,,,,,
none,,kosti máttu ekki slá þér til kveðskapar á meðan þú ert ekki,búinn að ljúka við þín studia. Með þessu er ég að hugsa nú sé farið að síga á sei,(synis),,18,18,,,,,,,,,,,,,,,,,,,,
none,,"eiga við peysu þína en hann er í vaxandi dauða á allan hátt,",búinn að skera aðra kúna sína. Mörg boð hefur hann fengið og dugir ei. Nú vildi é,(synis),,18,18,,,,,,,,,,,,,,,,,,,,
none,,leidd. Líður nú fram að hádegi. Eru þær Sigríður og Grána þá,búnar að færa leikinn út í mitt túnið og gengur Sigríður þar af henni og verður e,(synis),,18,18,,,,,,,,,,,,,,,,,,,,
none,,gur við hann? Eða eruð þið nú heilum sættum sáttir? Þið eruð,"búnir að bæta lög Ingólfs og taka 7 nýja í hann, en segðu mér nú hvað þið ætlið a",(synis),,18,18,,,,,,,,,,,,,,,,,,,,
none,,rum og fræða þá um ýmsar hugmyndir og ýmiskonar sannindi sem,"búin eru að ryðja sér til rúms í þeim hluta hins menntaða heims, er sunnar liggur",(synis),,18,18,,,,,,,,,,,,,,,,,,,,
none,,"fnilega, ""salva fide"", í þetta sinn að skrifa 19 bréf, og er","búinn með ein 12, og þegar ég nú hristi höfuðið yfir því sem eftir er heyri ég sv",(synis),,18,18,,,,,,,,,,,,,,,,,,,,
none,,"ver er meiri skuld í þeim grófheitum, sem hann segir, hér sé","búið að brúka, en hann sjálfur, er eg meina, að átt hefði að koma í veg fyrir þau",(ÆVISAGAN),,18,18,,,,,,,,,,,,,,,,,,,,
none,,"geti lært í skóla. Hinn neitar því, nema ef eg sé, og sé þó","búið að reyna það, segir þó, eg sé hann, sem þeim hafi líkað best við á Flugumýri",(ÆVISAGAN),,18,18,,,,,,,,,,,,,,,,,,,,
none,,"is kæmi. Eg hitti enn lögmann. Spyr hann mig að, hvort eg sé","búinn að gefa frá mér þanka til jómfrú Kristínar. Eg játa því og segi, mér sé nau",(ÆVISAGAN),,18,18,,,,,,,,,,,,,,,,,,,,
none,,"nn nú síðast segir mér upp alla söguna, og framar, eg sé svo","búinn að gera sér gott, að hann geti ei fundið, hann eigi hjá mér fiskvirði, held",(ÆVISAGAN),,18,18,,,,,,,,,,,,,,,,,,,,
none,,"leygzt í eina klettaskoru hátt upp í berginu, hvaðan hann sé",búinn að ná henni. Féll eg nú í forundran af svo útséðu kænskubragði. Segi eg hon,(ÆVISAGAN),,18,18,,,,,,,,,,,,,,,,,,,,
none,,"yrir alla og begærir af mér tollinn. Eg segi honum, að eg sé","búinn að svara honum út til annarra, og þar með finni eg ei skyldu mína honum að",(ÆVISAGAN),,18,18,,,,,,,,,,,,,,,,,,,,
none,,"allda, at einginn sá sje hæfr til at kenna öðrum, sem ei sie","búinn at öðlast og læra fullkomliga einhverja konst, eðr ment, með dagligre yðkan",(klim),,18,18,,,,,,,,,,,,,,,,,,,,
none,,"r er meiri skuld í þeim ·grófheitum·, sem hann segir, hér sé",búið að brúka.|JStgrÆv|173|18s,(Rms-sitot-18),JStgrÆv|173,18s,18,,,,,,,,,,,,,,,,,,,,
none,,svo ekki er annað ·sjónarlegt· en hann muni eða sé þegar,búinn að segja lausu við hana.|JónHelgVér|47|18m,(Rms-sitot-18),JónHelgVér|47,18m,18,,,,,,,,,,,,,,,,,,,,
none,,"endast til að yfirheyra allan þennan ·herfjölda·, væri hann","búinn að taka bróður sinn, sýslumanninn, til hjálpar sér.|JónHelgMann|133|18s",(Rms-sitot-18),JónHelgMann|133,18s,18,,,,,,,,,,,,,,,,,,,,
none,,blíuna heldur en hún væri ekki til. Þó held ég hún sé hvorki,"búin að gleyma henni eða Jóni sínum. Hún fær iðulega bréf með hverri ferð, sem ka",(synis),,18,18,,,,,,,,,,,,,,,,,,,,
none,,em fyrst. Hvenær kemur brjefið frá Jónasi? Jeg vona hann sje,"búinn að fá pistil frá mjer með Secher. Heilsaðu Secher, sona til málamynda, ef Þ",(synis),,18,18,,,,,,,,,,,,,,,,,,,,
none,,"fiskaðist nú upp um tollsins uppruna og viðhald, sem ei var","búið að innfæra í bókina hjá herr fóvetanum 1769? Hver skaði var við dvölina, þar",(ÆVISAGAN),,18,18,,,,,,,,,,,,,,,,,,,,
none,,"veg, að eg varð að vera heima á páskadaginn, en á annan var","búið að syngja inngöngusálm þann, áður en eg kom; þó prédikaði eg í það sinni og",(ÆVISAGAN),,18,18,,,,,,,,,,,,,,,,,,,,
none,,drýgt frá barnæsku og eg hafði gleymt og eg vissi að mér var,"búið af guðs álfu að fyrirgefa, komu nú í ljós. En guðs náð varð yfirsterkari, sv",(ÆVISAGAN),,18,18,,,,,,,,,,,,,,,,,,,,
none,,"n eldivið, hálf tún og engjar, og lá við um heyið sjálft, er",búið var að hirða. Bauð sýslumáður okkur að dæma þennan umgang af. En þar hún haf,(ÆVISAGAN),,18,18,,,,,,,,,,,,,,,,,,,,
none,,"r. Um fleira mun hann ei hafa vogað að vitna, vegna þess sem","búið var að útflæma mig í hans eyru. Nú fer velnefndur föðurbróðir minn, Jón, og",(ÆVISAGAN),,18,18,,,,,,,,,,,,,,,,,,,,
none,,"fæ guði ei svo fullþakkað sem vera ber, því hans forsjón var","búin að koma því svo í verk og veg, að ei gat af því orðið, þó á væri reynt. Hann",(ÆVISAGAN),,18,18,,,,,,,,,,,,,,,,,,,,
none,,"nafólk þátt í þessu. Sigfús, sonur Þorgríms, sem nú var einn","búinn að gefa frá sér skólaveruna, gerir sér ferð til mín, og það oftar en einu s",(ÆVISAGAN),,18,18,,,,,,,,,,,,,,,,,,,,
none,,l mikillar farsældar. Mr. Jón Scheving bróðir hans var þá og,"búinn að gefa sig í soldátastétt, svo hér bættist eitt á annað. Mátti eg nú kenna",(ÆVISAGAN),,18,18,,,,,,,,,,,,,,,,,,,,
none,,"rg litla son sinn, að eg kæmi honum til manns. Áður var hann","búinn að leggja þar fyrir, að hann með tíð ætti Katrínu dóttur mína, um hennar na",(ÆVISAGAN),,18,18,,,,,,,,,,,,,,,,,,,,
none,,"þar mér þótti vanvirða að fara forgefins ferð, var og ei vel","búinn að lesa yfir, sem eg lét oft bíða til þess tíma, herti eg upp hugann og gek",(ÆVISAGAN),,18,18,,,,,,,,,,,,,,,,,,,,
none,,an yfir þeim var allan daginn. Á þeirri ferð var eg nærfellt,"búinn að missa lífið í Eyjará. Eg hitti fyrir í henni jökulhlaup, svo hestur og d",(ÆVISAGAN),,18,18,,,,,,,,,,,,,,,,,,,,
none,,"einn vetur, en áður skólanum var sagt upp um sumarið, var eg","búinn að ná honum í lærdóminum, því eg lagði svo að mér sem mest eg kunni, og lá",(ÆVISAGAN),,18,18,,,,,,,,,,,,,,,,,,,,
none,,"eypti mér þar nú 27 kindur, fyrsta gang eftir eldinn. Var eg","búinn að öllum mínum prófastsverkum fyrir páska, því eg ætlaði nú vestur að Saurb",(ÆVISAGAN),,18,18,,,,,,,,,,,,,,,,,,,,
none,,"herr fóvetanum 1769? Hver skaði var við dvölina, þar eg var","búinn að stilla kaution, þar til endilegt kæmi að framan um tollinn? Hver er meir",(ÆVISAGAN),,18,18,,,,,,,,,,,,,,,,,,,,
none,,"á annan hestinn, en hitt í sléttri kramvöru. Og þá hann var","búinn að svíkja mig þanninn, hljóp hann í burt og eitthvað upp á eyjar. Eg fortal",(ÆVISAGAN),,18,18,,,,,,,,,,,,,,,,,,,,
none,,"skra: KAP. XX. Hið síðasta ár, sem eg var á Reynistað og var","búinn að taka þar við nokkurri umsjón, (hvar um síðar kann sagt verða), fór eg en",(ÆVISAGAN),,18,18,,,,,,,,,,,,,,,,,,,,
none,,"junum teppist, hvers eg varð allshugar feginn, því nú var eg","búinn að teppast þar í hálfan mánuð, og stóð rétt á þeim sama degi, að eg varð or",(ÆVISAGAN),,18,18,,,,,,,,,,,,,,,,,,,,
none,,rð og fyrirhöfn 80 dali slétta. En allan þann kostnað var eg,"búinn að uppvinna, og betur til, á 4 árum þar eftir. Átti eg og að panta handa þe",(ÆVISAGAN),,18,18,,,,,,,,,,,,,,,,,,,,
none,,"su til gekk mín fyrsta ferð hingað á Austurlandið, þá eg var",búinn að vera nærfellt 3 ár í skóla. Var eg þá 17 vetra gamall. KAP. XIII. Síra S,(ÆVISAGAN),,18,18,,,,,,,,,,,,,,,,,,,,
none,,"ginn forgripi sig á því að lána honum framar, því svo var eg","búinn að yfirleggja eigur hans, að eg sá hann varð mér skuldugur yfir 200 rd., er",(ÆVISAGAN),,18,18,,,,,,,,,,,,,,,,,,,,
none,,er Guðný dóttir mín nafn hennar. En allt svo lengi eg var ei,"búinn að því og þá fyrir mér lá að reyna einhvörja lukku til sjós eður lands, dre",(ÆVISAGAN),,18,18,,,,,,,,,,,,,,,,,,,,
none,,"g, mér til aðstoðar, en losast við áðurnefndan klerk, sem og","búinn var að hóta og lofa að koma hingað ei aftur. En þessi mín von og traust, se",(ÆVISAGAN),,18,18,,,,,,,,,,,,,,,,,,,,
none,,"hann borinn til vor í 8 trogum, 4 á hvort borð. Þá við vorum","búnir að borða okkar lyst, helltum við grautnum í tvö trog barmafull. Nokkuð var",(ÆVISAGAN),,18,18,,,,,,,,,,,,,,,,,,,,
none,,"ið, ef ei til annars næðum, hvað og svo upp á kom. Vorum við",búnir að öllu þessu áður dagur rann upp. Var þá frostvindur hreinn á landnorðan.,(ÆVISAGAN),,18,18,,,,,,,,,,,,,,,,,,,,
none,,"kóla verið, þorði eg ei annað en hlýða þeirri kallan. Var þó","búinn svo að forbetra og byggja jörðina Hellur, að ei ætlaði þaðan auðveldlega að",(ÆVISAGAN),,18,18,,,,,,,,,,,,,,,,,,,,
none,,"anir, sem áður hafði brúkað hina dagana. Stóðst á, að eg var","búinn með prédikunina og maðurinn gat ei lengur tafið fyrir honum, og stakk eg he",(ÆVISAGAN),,18,18,,,,,,,,,,,,,,,,,,,,
none,,"arðsins; á veginum mætti mér gamall, fátækur ferðamaður, sem","búinn var að ganga framundir þingmannaleið, og vildi keppast til næsta þorps, hva",(campsid),,18,18,,,,,,,,,,,,,,,,,,,,
none,,"; þeir vondu menn höfðu oftast yfirhöndina, og voru að mestu","búnir að ná undir sig herfanginu, áður hinir komu til, sem áttu að hindra þá. Þei",(campsid),,18,18,,,,,,,,,,,,,,,,,,,,
none,,til arminn aptur með eigi minni lagvirkne. Þá hún var þannin,"búin að útrjetta sitt erinde, og hafðe skoðat blóðit þegjande og forundrande, gec",(klim),,18,18,,,,,,,,,,,,,,,,,,,,
none,,"kinn, óskaði furstinn at sjá minn vitnisburð; og þá hann var","búinn at lesa hann, sá hann mig til fótanna, og mællte: Þeir Karatti hafa rjett ú",(klim),,18,18,,,,,,,,,,,,,,,,,,,,
none,,eg mjer alldrei at hafa veit meir þurfande enn nú. Þá eg var,"búinn at spyrjast fyrer um sjávarins hátt og ásigkomulag hjá Kispuciönunum, og ei",(klim),,18,18,,,,,,,,,,,,,,,,,,,,
none,,"(Hundíngjalande) etc, etc. Og svo frammvegis meir. Nú var eg","búinn at staðfesta mitt konúngsríki, og sýndist mjer sem eg væri orðinn fullkomli",(klim),,18,18,,,,,,,,,,,,,,,,,,,,
none,,"beiskann í mínu gjeði, at eg hafðe eigi fyrri ró, enn eg var",búinn at taka þenna góða printz mjer úr vegi. Þó leitst mjer ei ráðligt at láta o,(klim),,18,18,,,,,,,,,,,,,,,,,,,,
none,,"julega vel í Kaupmannahöfn fyrir unga menn, sem voru við því",búnir að opna hug sinn og hjarta fyrir nýjum stefnum í evrópsku menningarlífi.|EH,(Rms-sitot-17),,17,17,,,,,,,,,,,,,,,,,,,,
none,,"*Hefði hann ekki beygt sig brátt á bak við múrinn, /",búinn var þá víga ·dúrinn·.|GAndrPers|69|17m,(Rms-sitot-17),GAndrPers|69,17m,17,,,,,,,,,,,,,,,,,,,,
none,,"á milli fallstykkjanna, sem",búið var að ·planta· fyrir innganinum.|HFinnsAndv|46|18s,(Rms-sitot-18),HFinnsAndv|46,18s,18,,,,,,,,,,,,,,,,,,,,
none,,vegna þess sem,búið var að ·útflæma· mig í hans eyru.|JStgrÆv|32|18s,(Rms-sitot-18),JStgrÆv|32,18s,18,,,,,,,,,,,,,,,,,,,,
none,,en,búið var að setja búðir með ·grasveggjum·.|JStgrÆv|336|18s,(Rms-sitot-18),JStgrÆv|336,18s,18,,,,,,,,,,,,,,,,,,,,
none,,"Þú hafðir ekki lært lektsíuna, sem",búið var að setja þjer fyrir; því ·forsómaðir· þú að læra hana.|HFKvöldv|50|18s,(Rms-sitot-18),HFKvöldv|50,18s,18,,,,,,,,,,,,,,,,,,,,
none,,þar kona hans var,búin að ·afsegja· hann til hjónabands eftir annað hórdóms brot.|Alþb|397|18f,(Rms-sitot-18),Alþb|397,18f,18,,,,,,,,,,,,,,,,,,,,
none,,ur þau atriði í málinu sem umræðurnar og þíngið síðasta voru,búin að gera nokkurnvegin skýr.|Bjarki|5|18s,(Rms-sitot-18),Bjarki|5,18s,18,,,,,,,,,,,,,,,,,,,,
none,,Jessabel var,búin að stappa í hann stálinu og mana hann til verstu ·klækja·.|HFKvöldv|170|18s,(Rms-sitot-18),HFKvöldv|170,18s,18,,,,,,,,,,,,,,,,,,,,
none,,fyr en ·kvennskassið· Jessabel var,búin að stappa í hann stálinu.|HFKvöldv|170|18s,(Rms-sitot-18),HFKvöldv|170,18s,18,,,,,,,,,,,,,,,,,,,,
none,,Naumast var hún,"búin að úttala þessi orð, fyr en bjúgað datt niður úr ·rótinni·.|HFKvöldv|13|18s",(Rms-sitot-18),HFKvöldv|13,18s,18,,,,,,,,,,,,,,,,,,,,
none,,Pílatus var nú ·,búinn · ad ransaka sakargiftirnar.|VigfJHugv|137|18m,(Rms-sitot-18),VigfJHugv|137,18m,18,,,,,,,,,,,,,,,,,,,,
none,,hann var,búinn að ·einsetja· sjer að enda sína daga á landsbygðinni.|HFKvöldv|128|18s,(Rms-sitot-18),HFKvöldv|128,18s,18,,,,,,,,,,,,,,,,,,,,
none,,eg var,búinn að ·laga· það [þe: forslag] til sem konstuglegast.|JÓlGrvKlím|136|18m,(Rms-sitot-18),JÓlGrvKlím|136,18m,18,,,,,,,,,,,,,,,,,,,,
none,,Mengikof var,búinn að ávinna sjer marga ·áhángendur·.|HFKvöldv|188|18s,(Rms-sitot-18),HFKvöldv|188,18s,18,,,,,,,,,,,,,,,,,,,,
none,,"skyldi fara að njóta rólega ·ávagstanna· af því, er jeg var",búinn að búa um mig.|HFKvöldv|197|18s,(Rms-sitot-18),HFKvöldv|197,18s,18,,,,,,,,,,,,,,,,,,,,
none,,þá hann [::eldurinn] var í óðflugi með mestu ·geysan· og,búinn að fylla upp árfarveginn.|JStgrSafn|66|18s,(Rms-sitot-18),JStgrSafn|66,18s,18,,,,,,,,,,,,,,,,,,,,
none,,Einu var eg nær,búinn ad gleyma markverdu um ·lær-beinin·.|MartEðl|52|18s,(Rms-sitot-18),MartEðl|52,18s,18,,,,,,,,,,,,,,,,,,,,
none,,skyldi hann ei fyrr hafa brotizt inn í skemmuna en hann var,búinn að hafa mig undir og troða ofan á ·lífið· á mér.|SPétLeik|42|18s,(Rms-sitot-18),SPétLeik|42,18s,18,,,,,,,,,,,,,,,,,,,,
none,,uns hann var,"búinn ad koma sér út úr ·húsi· hiá o{}llum, og enginn gat lyndt vid hann lengur.|",(Rms-sitot-18),,18,18,,,,,,,,,,,,,,,,,,,,
none,,"hvað jarðeldurinn gjörði að verkum, sem var",búinn að læsa sig ofan í þau gömlu brunahraun undir ·jarðartorfuna·.|JStgrSafn|19,(Rms-sitot-18),,18,18,,,,,,,,,,,,,,,,,,,,
none,,hann var,búinn að leita allra bragða til að uppörfa þá að vera ·málhreifa·.|HFKvöldv|25|18,(Rms-sitot-18),,18,18,,,,,,,,,,,,,,,,,,,,
none,,var,búinn að nefna það við mig og ·afgera· það með henni.|SPétLeik|43|18s,(Rms-sitot-18),SPétLeik|43,18s,18,,,,,,,,,,,,,,,,,,,,
none,,vestanpósturinn var,"búinn að ríða mér hreint á slig, var og auðvelt að sliga þann, sem aldrei var ·ba",(Rms-sitot-18),,18,18,,,,,,,,,,,,,,,,,,,,
none,,trax burt með níðínginn sem [ [...]] af bleyðuskap var nærri,búinn að steypa föðurlandinn í ·fordjörfun·.|HFKvöldv|106|18s,(Rms-sitot-18),HFKvöldv|106,18s,18,,,,,,,,,,,,,,,,,,,,
none,,hann var,búinn að súpa ·mjólksopann· úr askinum sínum.|MÍsl|62|18m,(Rms-sitot-18),MÍsl|62,18m,18,,,,,,,,,,,,,,,,,,,,
none,,A Laugardags qvøldid vóru María [ [...]] og Salóme ·,búnar · ad kaupa ilmandi urta-smyrsli.|KrJóhSig|XII|18s,(Rms-sitot-18),KrJóhSig|XII,18s,18,,,,,,,,,,,,,,,,,,,,
none,,"svo hætt haldinn, að flestir og jafnvel landph. sjálfur voru",búnir að ·skrifa· hann niður.|GVídBr|39|18s19f,(Rms-sitot-18),,18,18,,,,,,,,,,,,,,,,,,,,
none,,Heiðíngjarnir voru,búnir að kasta fyrir ·óðal· og gleyma öllu því sem guð hafði sagt þeirra forfeðru,(Rms-sitot-18),,18,18,,,,,,,,,,,,,,,,,,,,
none,,hann var ·,búinn · [ [...]] með sína venjulegu andgjætni.|JÓlGrvKlím|133|18m,(Rms-sitot-18),JÓlGrvKlím|133,18m,18,,,,,,,,,,,,,,,,,,,,
none,,"*Eptir þad fer øld med ·hrad·, / Er af stad var",búin .|SvSGiss|95|18s,(Rms-sitot-18),|SvSGiss|95,18s,18,,,,,,,,,,,,,,,,,,,,
none,,"ð vóru varla aðrir en þeir, sem með ·órjelegum· lifnaði vóru",búnir svo að skemma sig.|HFKvöldv|146|18s,(Rms-sitot-18),HFKvöldv|146,18s,18,,,,,,,,,,,,,,,,,,,,
none,,"höfðinu á honum. Vesalings frú Thorsteinsen, hún var nýlega",búin að eignast stúlkubarn svo hún var veik fyrir og þoldi því síður sonarmissinn,(synis),,18,18,,,,,,,,,,,,,,,,,,,,
none,,á og þunga kvöl nam þiggja. Dreypa varð á dryllu því dauðinn,"búinn var, þó um síðir þar raknaði úr roti illu. Þá munninn mátti hræra mælti lyn",(synis),,18,18,,,,,,,,,,,,,,,,,,,,
none,,"el tók, ef það væri guðs og bræðra sinna vilji, því hún væri","búin að skoða sig um það, að eg hefði huggunar og líknar þörf, og gott verk mundi",(ÆVISAGAN),,18,18,,,,,,,,,,,,,,,,,,,,
none,,"a hitt sig eður náð tali af sér. Eg heyrði, síra Illugi væri",búinn að fá Reynirsþingin. Lýður sótti sig nú sem mest til dóttur minnar. Eg frét,(ÆVISAGAN),,18,18,,,,,,,,,,,,,,,,,,,,
none,,"ð, og við værum framar en segi nú rægðir saman, að hann væri","búinn að leggja niður alla rækt við mig, sem eg var þó tregastur að trúa. Svo sem",(ÆVISAGAN),,18,18,,,,,,,,,,,,,,,,,,,,
none,,"t vjer skylldum dvelja hjer um kyrrt, inn til þess hann være","búinn at láta furstann vita, at vjer komner værum. Þá er hann var naumliga burtfa",(klim),,18,18,,,,,,,,,,,,,,,,,,,,
none,,að,"búið væri nú að stefna [...] yfir þrjátíu persónum, hvar af flest væru kvenmenn o",(Rms-sitot-18),,18,18,,,,,,,,,,,,,,,,,,,,
none,,"hann hugsaði, að nú væri hann",búinn að ·kefja· niður sína fjandmenn.|HFKvöldv|187|18s,(Rms-sitot-18),HFKvöldv|187,18s,18,,,,,,,,,,,,,,,,,,,,
none,,nú væri Djöfullinn,búinn að ·koma· öllu undir sig aftur.|ÞPétSjálf|283|18ms,(Rms-sitot-18),,18,18,,,,,,,,,,,,,,,,,,,,
none,,jeg væri líka,búinn að fá minn ·betalíng·.|HFKvöldv|81|18s,(Rms-sitot-18),HFKvöldv|81,18s,18,,,,,,,,,,,,,,,,,,,,
none,,gað suður flutt af vanalega brúkuðum ·leigusveinum· [...] að,búið væri nú að stefna í fiplunar- og riðilssökinni.|JónHelgMann|133|18s,(Rms-sitot-18),JónHelgMann|133,18s,18,,,,,,,,,,,,,,,,,,,,
none,,"grein eður eftirdæmi, og þá það eður annað gott hefur verið","búið að hafa sínar verkanir, eður mér hefur gleymzt það, hefur þá annað nýtt á ný",(ÆVISAGAN),,18,18,,,,,,,,,,,,,,,,,,,,
none,,hefir hann þá eflaust verið,búinn að sjá Sigmundi fyrir ·staðfestu· [ [...]] að Valþjófsstöðum.|ÁrbFlf|35|18s,(Rms-sitot-18),ÁrbFlf|35,18s,18,,,,,,,,,,,,,,,,,,,,
none,,hafa þær [::ærnar] þá verit,"búnar at safna gódum holldum, margar ·samgildt· gelldum saudum tvævetrum.|LFR|103",(Rms-sitot-18),,18,18,,,,,,,,,,,,,,,,,,,,
none,,"estur rúinn, / reistur, dæstur, snúinn, / tvistur, ·bastur·,",búinn .|ÓDavVik|202|18ms,(Rms-sitot-18),,18,18,,,,,,,,,,,,,,,,,,,,
none,,"Varð það svo ·lokleysu· þing, en ég hef minn skaða svo",búinn .|ÞPétSjálf|235|18ms,(Rms-sitot-18),,18,18,,,,,,,,,,,,,,,,,,,,
none,,en hafði ekki ·gjört· ráð fyrir því fyr en,búið var að leggja á hesta þeirra.|Bps|270|17m,(Rms-sitot-17),Bps|270,17ms,,,,,,,,,,,,,,,,,,,,,
none,,*féll á grúfu beitu ·bjóður· /,búinn að springa.|StÓl|113|17ms,(Rms-sitot-17),,17ms,,,,,,,,,,,,,,,,,,,,,
none,,*svo ·brakaði· í hennar brjóstinu / að,búið var við spreing.|Ífk|68|17ms,(Rms-sitot-17),,17ms,,,,,,,,,,,,,,,,,,,,,
none,,*·Brúkarinn· þar þá,búinn var / boðs með pund um víga fund.|GBergþOlg|54|17s,(Rms-sitot-17),GBergþOlg|54,17s,,,,,,,,,,,,,,,,,,,,,
sem,Anterior,Og sem þeir voru,"búnir að þessum ·vaðli·, kom eitt skip.|Tyrk|21|17fm",(Rms-sitot-17),,17fm,17,,,,,,,,,,,,,,,,,,,,
þá-t,Anterior,bera innan rifja eigi heima í skipinu en allt er jafnnært þá,búið er ómakið og þeir öngvu betur færir en fyrr. Ekki skyldi þetta hjá yður heim,(pislarsaga),,17,17,,,,,,,,,,,,,,,,,,,,
þá-s,Anterior,"sýsla nockut þat, sem sjerliga vigtugt være; enn þá hann var",búinn sem grandvarligast at yfervega það sem hönum hafðe einusinne skilist og úrs,(klim),,18,18,,,,,,,,,,,,,,,,,,,,
þá-s,,"Einar Erlendsson, einn þann slóttugasta þræl. Og þá þeir eru","búnir að undirgangast hreppstjórnarembættið, uppáleggur hann þeim að sækja eftir",(ÆVISAGAN),,18,18,,,,,,,,,,,,,,,,,,,,
þá-s,,"t í gjegnum, því þú munt verða alls annars sinnis, þá þú ert","búinn at lesa hana; því annathvert hefur hennar smiðr sagðt ósannendi, eður fólk",(klim),,18,18,,,,,,,,,,,,,,,,,,,,
þá-t,,ef Þórður er þá ekki,búinn að ·friðstilla· landfógetann fyrir ofanskrifaða peninga summu.|Alþb|420|18f,(Rms-sitot-18),Alþb|420|,18f,18,,,,,,,,,,,,,,,,,,,,
þá-s,,Þá þeir eru,"búnir að hreinsa og skafa holdrosann, dreifa kalki og øsku í ·hárraminn·.|LFR|239",(Rms-sitot-18),,18,18,,,,,,,,,,,,,,,,,,,,
þá-s,,"n dálítlu af fræðunum, og þó skildi hann ekkert í því. Þá nú","búið var að koma nafninu á að kristna hann, réðist hann til vistar í kaupstað hjá",(campsid),,18,18,,,,,,,,,,,,,,,,,,,,
þá-s,,þá þeir eru,"búnir at hreinsa og skafa ·holdrosann·, dreifa þeir kalki og øsku í hárraminn.|LF",(Rms-sitot-18),,18,18,,,,,,,,,,,,,,,,,,,,
þá-s,,"n munni, því að hún var svo minnug og flugnæm, að þá hún var","búin að lesa sálminn yfir, eður hvað það var, tvisvar sinnum, svo kunni hún hann,",(ÆVISAGAN),,18,18,,,,,,,,,,,,,,,,,,,,
þá-s,,n; var hann þá að búa sig inn í búð til kaupmanns. Þá eg var,"búinn að láta flytja allan minn farangur yfir ána, og eg var einasta eftir og hes",(ÆVISAGAN),,18,18,,,,,,,,,,,,,,,,,,,,
þá-s,,"hýrgun til hingað og þangað í firðinum á sumrum, þá hann var","búinn að slá upp kot sitt. Hann hét Guðmundur, bróðir Jóns Ólafssonar, er átti In",(ÆVISAGAN),,18,18,,,,,,,,,,,,,,,,,,,,
þá-s,,"indum með þurfti, gerði eg hana mér handgengna. Og þá eg var","búinn við hana að kynnast hér um mánaðartíma, og hún var ljúf að skilja ei við mi",(ÆVISAGAN),,18,18,,,,,,,,,,,,,,,,,,,,
þá-s,,"ók guð svo frá mér allt minni í prédikunarstólnum, þá eg var","búinn með exordíum, að eg mundi ei nokkurt orð af því framflytja ætlaði og eg gag",(ÆVISAGAN),,18,18,,,,,,,,,,,,,,,,,,,,
þá-s,,"Og þá eg og lagsmaður minn vildum léttan á leggja, vorum við","búnir með mælir vorn um miðmunda og nónbil og hvíldum oss það, sem eftir var, þar",(ÆVISAGAN),,18,18,,,,,,,,,,,,,,,,,,,,
þá-s,,mjer at lypta einum miklum þúnga upp frá jörðunne. Þá eg var,"búinn að því torvelldnislaust, sagðe |p148 hann enn framar: ""Jafnvel þó náttúran",(klim),,18,18,,,,,,,,,,,,,,,,,,,,
þá-s,,"aðe mig enn nú meir yfer flýte læknis þessa, því þá hann var","búinn at fyrerskrifa mjer lítinn dryck, sem eg skyllde súpa í mig, hljóp hann snö",(klim),,18,18,,,,,,,,,,,,,,,,,,,,
þá-s,,verk; hafðe og margt annat at sýsla um þann tíma. Þá eg var,"búinn at hreinskrifa version þessa, feck eg fyrst í hendur þá dönsku, og er hjer",(klim),,18,18,,,,,,,,,,,,,,,,,,,,
þá-s,,hafðe feingið um fávitsku fólks þessa. Enn epter þat eg var,"búinn at læra underjarðarmálit, og allt var búit at segja mier, þa snerest allt m",(klim),,18,18,,,,,,,,,,,,,,,,,,,,
þá-s,,"ngar, og at sjá af því hvílíka lucku eg ætte vísa. Þá eg var","búinn at lesa hann í gegnum, gat eg alls eingu orkað fyrer reiðe og efasemd; enn",(klim),,18,18,,,,,,,,,,,,,,,,,,,,
þá-s,,"gjörð, þá eg var látinn vera einn burðarþræll. Þá eg var nú","búinn at sýsla við þá Martiniana, tók eg mjer fyrer, at leggia og so under mig þj",(klim),,18,18,,,,,,,,,,,,,,,,,,,,
þá-s,,fyrr enn hann hefði aflokit sínni morgunbæn. Enn þá hann var,"búinn um síðir með sína venjuliga andgjætni (andacht), færðe hann mjer með miklu",(klim),,18,18,,,,,,,,,,,,,,,,,,,,
þá-s,,"slíkt ·karlmenni·, að hann tók af honum hnífinn, þá hann var",búinn að veita honum þvílíkar skemmdir.|Ann|85|17s18m,(Rms-sitot-17),Ann|85,17s18m,17,,,,,,,,,,,,,,,,,,,,
þá-s,,þá,búið var at hallda ráðstefnuna og safna saman ·meiníngunum·.|JÓlGrvKlím|67|18m,(Rms-sitot-18),JÓlGrvKlím,18m,18,,,,,,,,,,,,,,,,,,,,
þá-s,,"hýrgun til hingað og þangað í firðinum á sumrum, þá hann var",búinn að ·slá· upp kot sitt.|JStgrÆv|29|18s,(Rms-sitot-18),JStgrÆv|29,18s,18,,,,,,,,,,,,,,,,,,,,
þá-s,,"giæte við dagsljóseð komest aptur heim í staðinn, þá eg være","búinn at útrjetta þetta mitt fyrertæke. Eg sá það ei fyrer framm, að eg munde fal",(klim),,18,18,,,,,,,,,,,,,,,,,,,,
þá-s,,"*Bar hann kragann barkann við, / þá",búið var að ·smíða·.|StÓl|63|17ms,(Rms-sitot-17),,17ms,,,,,,,,,,,,,,,,,,,,,
þá-s,,*·Bernskupar· þá,búið var hún burtu reið.|GBergþOlg|32|17s,(Rms-sitot-17),GBergþOlg|32,17s,,,,,,,,,,,,,,,,,,,,,
þá-t,,"ra og óheimangefin, og munu þeir hafa meira um það talað. Þá","búið var að afhenda og innsetja síra Ólaf í Ásaprestakall, bregður hann sér til m",(ÆVISAGAN),,18,18,,,,,,,,,,,,,,,,,,,,
þá-t,,lokið gæti úr því. En við hið þriðja gafst hann upp. Var þá,"búinn að spretta öllu frá sér, og leit út sem kálffull kýr. Hann segir, mikið ble",(ÆVISAGAN),,18,18,,,,,,,,,,,,,,,,,,,,
þá-t,,"stígvél, en larfar af smalamanni. Um morguninn, þá nærfellt","búnir vorum með lestra vora, heyrum við, að biskupsþénari kemur, bíður á meðan og",(ÆVISAGAN),,18,18,,,,,,,,,,,,,,,,,,,,
þangað til,,"sína hefndargirne hjá sjer lángann tíma, þángað til hún var","búin aptur at ná þeim kjærleiksseðle, sem hún hafðe mjer tilskrifat. Enn epter þa",(klim),,18,18,,,,,,,,,,,,,,,,,,,,
þegar,Anterior,"urttekinn; en innborinn hinn þriðji. Jafna má ef vill, þegar","búið er að neyta hvörs réttar, hans leifar burtbera og síðan minni drekka áður en",(eggbrud),,18,18,,,,,,,,,,,,,,,,,,,,
þegar,Anterior,hann svo með opinberri áminning sakramentið. Þegar ég var nú,"búinn að tala við Jón yngra úti kom ég inn aftur í kirkjuna, og sem ég merkti að",(pislarsaga),,17,17,,,,,,,,,,,,,,,,,,,,
þegar,,"egir voru vanir að tjalda. Er þar þá öllum tjöldum svipt, en","búið að setja búðir með grasveggjum, - rétt í þeim stöðum og þær voru síðar byggð",(ÆVISAGAN),,18,18,,,,,,,,,,,,,,,,,,,,
þegar,,"a nærri brunninum. Í staðinn fyrir að þið nú, þegar þið eruð","búin að læra lectsíu ykkar, megið skemmta ykkur úti, svo yrðuð þið þá að láta ykk",(campsid),,18,18,,,,,,,,,,,,,,,,,,,,
þegar,,"ga með réttu kallast ófarsælar manneskjur, því þegar þær eru","búnar að sýna, hvörsu illa þær hafa launað þær af þeim meðteknu velgjörðir, svo h",(campsid),,18,18,,,,,,,,,,,,,,,,,,,,
þegar,,"gsúpu eru hafra- eður bygggrjón meyrsoðin í vatni, og, þegar","búið er að sía þau og kreysta ígegnum sigti, eru þau aftur, eður seyðið, sem þá e",(martam),,18,18,,,,,,,,,,,,,,,,,,,,
þegar,,"brúkað, en saltkjötssoð, þó það og megi öllu vel vera. Þegar","búið er að smásteyta þær og þynna, sem áður er sagt, með seyðinu, er þetta mauk s",(martam),,18,18,,,,,,,,,,,,,,,,,,,,
þegar,,"§. 19. Á sama hátt er tilreidd súpa af söltuðu kjöti, (þegar","búið er áður að afvatna það með köldu vatni, ein 3 dægur eða lengur eftir ásigkom",(martam),,18,18,,,,,,,,,,,,,,,,,,,,
þegar,,rkar,"búin og grjónin meyrsoðin, er saman við hana í fatinu látið nokkuð af hvítuvíni,",(martam),,18,18,,,,,,,,,,,,,,,,,,,,
þegar,,"ndur við mastrið, þegar búið er að reisa það upp, id est, er",búið að herða staginn að framan.|GPétVestm|107|17s18f,(Rms-sitot-17),GPétVestm|107,17s18f,17,,,,,,,,,,,,,,,,,,,,
þegar,,þegar fólk er,"búið að uppeta þá um víðan ·vang· fallna horskrokka, má það falla.|JStgrSafn|72|1",(Rms-sitot-18),,18,18,,,,,,,,,,,,,,,,,,,,
þegar,,"eita þærur á krofinu, sem næst er fyrir aptan hálsinn, þegar","búið er að kljúfa það upp, og út standa bógarnir, eins og á útbreiddum faðmi, svo",(Rms-sitot-18),,18,18,,,,,,,,,,,,,,,,,,,,
þegar,,En þegar hann er,"búinn að fela sig í og undir tunnunni, kallar hann út um ·samkomurnar· til Tilsku",(Rms-sitot-18),,18,18,,,,,,,,,,,,,,,,,,,,
þegar,,"rundvallaður, að þau skuli bæði verða jafnrík, þegar hann er",búinn að gefa henni ·tilgjöfina·.|PVídSkýr|194|18f,(Rms-sitot-18),PVídSkýr,18f,18,,,,,,,,,,,,,,,,,,,,
þegar,,Þegar þeir eru,"búnir ad fylla sig og nockud er eptir, sem þeir géta ecki ·torgad·.|GuðmJSum|4|18",(Rms-sitot-18),,18,18,,,,,,,,,,,,,,,,,,,,
þegar,,"Múlasýslumenn hafa flestir ·oftraust· á guði, þegar þeir eru",búnir að koma fé upp.|GVídBr|72|18s19f,(Rms-sitot-18),,18,18,,,,,,,,,,,,,,,,,,,,
þegar,,íklega verður í vor farið að ganga á þennan litla sjóð þegar,búið er að borga vinnulaun og kaupa ull. Ekki getið þér sýnt okkur sýnishorn af e,(synis),,18,18,,,,,,,,,,,,,,,,,,,,
þegar,,ór slöttur að honum var hægt að ráða við mig; þegar hann var,"búinn að reiða til höggs við mig með prikinu sínu, sagði ég hann skyldi slá mig e",(campsid),,18,18,,,,,,,,,,,,,,,,,,,,
þegar,,þegar,"búið var að hertaka hana af Tyrkjum, ·staðnæmdist· hún í þeirri borg, sem hét Bus",(Rms-sitot-17),,17,17,,,,,,,,,,,,,,,,,,,,
þegar,,Þegar hann nú var ·,"búinn · [ [...]] ad gjøra þad, sem ver áttum ad gjøra [ [...]] vildi hann lýsa því",(Rms-sitot-18),,18,18,,,,,,,,,,,,,,,,,,,,
þegar,,"úð, og sjálf hlytuð þið mó mestan skðan; því þegar þið væruð","búin að tapa elsku þeirra og kjærleika til ykkar, svo mundu þeir ekki lengur kenn",(campsid),,18,18,,,,,,,,,,,,,,,,,,,,
þegar,,Þegar,"búið er að ·slá· alla súluna, þá er hún borin öll í einn stað.|GPétVestm|103|17s1",(Rms-sitot-17),,17s,,,,,,,,,,,,,,,,,,,,,
,Fixed,*mjög vel,"búinn , sér þú hann, / heiðarlega ·handtéraður·.|HPSkv|368|17ms",(Rms-sitot-17),,17ms,,,,,,,,,,,,,,,,,,,,,
,Finished,"*stundleg ·blóm· vill bresta, /",búin er sorgin mesta.|HPSkv|381|17ms,(Rms-sitot-17),,17ms,,,,,,,,,,,,,,,,,,,,,
,Finished,*fljótt var,búin ferðin sú; / fermd var ·sjáar· þilja.|StFinnSnæk|52|17s,(Rms-sitot-17),StFinnSnæk|52,17s,,,,,,,,,,,,,,,,,,,,,
,Fixed,*við var,búið ·Golnirs· glóð / gnísta mundi vizku leið.|GBergþOlg|51|17s,(Rms-sitot-17),GBergþOlg|51,17s,,,,,,,,,,,,,,,,,,,,,
,Fixed,*við var,búið Golnirs ·glóð· / gnístra mundi vizku leið.|GBergþOlg|51|17s,(Rms-sitot-17),GBergþOlg|51,17s,,,,,,,,,,,,,,,,,,,,,
,Fixed,*Við var,búið hryggðin hörð / ·hringa· mundi deyða Njörð.|GBergþOlg|56|17s,(Rms-sitot-17),GBergþOlg|56,17s,,,,,,,,,,,,,,,,,,,,,
,Fixed,"*Hlýrar gengu hliðinu að, / ·hlálega· sízt var",búið um það.|KolbGrSvr|43|17ms,(Rms-sitot-17),,17ms,,,,,,,,,,,,,,,,,,,,,
,Fixed,"hvað sem hann hreyfði sér, var","búið við, að yfir hann mundi ·líða·.|JHBisk|383|17s",(Rms-sitot-17),JHBisk|38,17s,,,,,,,,,,,,,,,,,,,,,
,Fixed,u nú er ekki neitt sérlegt að segja. Þá þetta var nú svo til,"búið , gengu kennimennirnir iðulega í hið fremra tjaldbúðarhúsið og afluku þar fór",(ntmoddur),,16,,,,,,,,,,,,,,,,,,,,,
,Fixed,"og sagði: Segið boðsmönnunum: Sjáið, mína máltíð hefi eg til","búið , mínir uxar og alið fé eru slátraðir og allt er reiðubúið, komið til brúðkau",(ntmoddur),,16,,,,,,,,,,,,,,,,,,,,,
,Fixed,oru undirvísuð þeirra svikræði er Gyðingar höfðu honum fyrir,"búið , senda eg hann strax til þín, bjóðandi hans áklögurum að hvað þeir hefði í m",(ntmoddur),,16,,,,,,,,,,,,,,,,,,,,,
,Fixed,um genginn ljósast vottar og tólf dánumenn hafa til ·lykta·,búið .|Alþb|146|17s,(Rms-sitot-17),Alþb|146,17s,,,,,,,,,,,,,,,,,,,,,
,Fixed,*alt skal,"búið ·annars· dags / anzar þessi kollurinn, þollurinn.|StÓl|260|17ms",(Rms-sitot-17),,17ms,,,,,,,,,,,,,,,,,,,,,
,Fixed,", blessaðir föður míns, og eignist það ríki sem yður var til","búið |p64 frá upphafi veraldar. Því að hungraður var eg, og þér gáfuð mér að eta,",(ntmoddur),,16,,,,,,,,,,,,,,,,,,,,,
,Fixed,"er eigi mín að gefa yður, heldur þeim, hverjum það er fyrir","búið af mínum föður. Og er þeir tíu heyrðu það, þykktust þeir þeim tveimur bræðru",(ntmoddur),,16,,,,,,,,,,,,,,,,,,,,,
,Fixed,*alt skal,"búið annars ·dags·, / anzar þessi kollurinn, þollurinn.|StÓl|260|17ms",(Rms-sitot-17),,17ms,,,,,,,,,,,,,,,,,,,,,
,Fixed,"*Sá ·hefir· bezt úr býtum, / sem",búið getr að sínu einn.|HPSkv|358|17ms,(Rms-sitot-17),,17s,,,,,,,,,,,,,,,,,,,,,
,Fixed,skip [ [...]] sem er skrautlega,búið með eitt stórt ·ruff· eður hús í miðju.|AfmKaal|53|17s,(Rms-sitot-17),AfmKaal|53,17s,,,,,,,,,,,,,,,,,,,,,
,Fixed,"talaði til þeirra: Þér Gyðingar, góðir menn og þér allir sem","búið til Jerúsalem, það sé yður kunnigt, og látið yður mín orð í eyrum loða því a",(ntmoddur),,16,,,,,,,,,,,,,,,,,,,,,
,Fixed,"um og Jóhannem og sagði: #Matt. xxvi. Marci. xiv.# Fari þér,",búið til páskalambið svo að vér neytum. En þeir sögðu til hans: Hvar viltu að við,(ntmoddur),,16,,,,,,,,,,,,,,,,,,,,,
,Fixed,ört þetta og kallaði tvo hundraðshöfðingja til sín og sagði:,Búið til tvö hundruð fótgönguliðs að þeir gangi til Sesaream og sjötigi riddara o,(ntmoddur),,16,,,,,,,,,,,,,,,,,,,,,
,Fixed,"rið og eruð eigi svo staðlitlar. Líka einninn þér mennirnir,",búið við þær meður skynsemi og gefið því kvenlegu breyskvara kerkorni sína heiðra,(ntmoddur),,16,,,,,,,,,,,,,,,,,,,,,
,Fixed,"l góðra verka, til hverra að Guð hefir oss áður forðum fyrir",búið það vér skyldum þar inni ganga. Hvar fyrir að verið þess minnugir það þér se,(ntmoddur),,16,,,,,,,,,,,,,,,,,,,,,
,Fixed,mínum lærisveinum? Og hann mun vísa yður stóran sal fágaðan.,Búið það þar til. Þeir gengu burt og fundu svo sem hann hafði sagt þeim og reiddu,(ntmoddur),,16,,,,,,,,,,,,,,,,,,,,,
,Fixed,hefir hann með mikilli þolinmæði umliðið kerin reiðinnar sem,búin eru til fordæmingar upp á það hann sýndi ríkdóm sinnar dýrðar á kerum miskun,(ntmoddur),,16,,,,,,,,,,,,,,,,,,,,,
,Fixed,"*,,Eg skal boðinn og ·","búinn · til þess, / hvort þér viljið mig senda``.|Ífk|126|17ms",(Rms-sitot-17),,17ms,,,,,,,,,,,,,,,,,,,,,
,Fixed,"*,,Eg skal ·boðinn· og","búinn til þess, / hvort þér viljið mig senda.|Ífk|126|17ms",(Rms-sitot-17),,17ms,,,,,,,,,,,,,,,,,,,,,
,Fixed,*Fákurinn bleiki skottar skjótt / því ·skrikar· ekið,búna .|StÓl|372|17ms,(Rms-sitot-17),,17ms,,,,,,,,,,,,,,,,,,,,,
,Fixed,g þær engisprettur eru líkar þeim hestum sem til bardaga eru,búnir og á þeirra höfðum sem kórónur gulli líkar og þeirra andlit sem mannsandlit,(ntmoddur),,16,,,,,,,,,,,,,,,,,,,,,
,Fixed,*Vorum,búnir um vetrar ·vind· vistar lofan þiggja.|StFinnSnæk|70|17s,(Rms-sitot-17),StFinnSnæk|70,17s,,,,,,,,,,,,,,,,,,,,,
,Fixed,*Þiljan ·Fofnirs· setra / strax að,búnu virki veik.|StFinnHynd|32|17s,(Rms-sitot-17),StFinnHynd|32,17s,,,,,,,,,,,,,,,,,,,,,
,Fixed,*Brettlands til með,"búnum reiða, / báru yl í ·farargreiða·.|KolbGrSvr|47|17ms",(Rms-sitot-17),,17ms,,,,,,,,,,,,,,,,,,,,,
,Fixed,"*Forðum átta eg fræða ·bát· [ [...]], /",búinn Týrs á báru grát.|KolbGrSvr|3|17ms,(Rms-sitot-17),,17ms,,,,,,,,,,,,,,,,,,,,,
,Live,sem aðrer frá Ábýle Mýnu Selialande í Fliótshverfe (Hvar jeg,búið hafðe 28 Áar).|Ýmrit||17s,(Rms-sitot-17),Ýmrit,17s,,,,,,,,,,,,,,,,,,,,,
,Live,ramandi verinn á fyrirheits jörðunni svo sem á annarlegri og,"búið í hreysum með Ísak og Jakob, meðerfingjum sama fyrirheitsins. #Gene. xii.# Þ",(ntmoddur),,16,,,,,,,,,,,,,,,,,,,,,
,Prepared,*færði upp á borð og ·bjóð· /,búin í tíma hetjan fróð.|KolbGrSvr|65|17ms,(Rms-sitot-17),,17ms,,,,,,,,,,,,,,,,,,,,,
,Prepared,*þá var ·,búinn · byrinn undan björgunum fram.|Ífk|3|17ms,(Rms-sitot-17),,17ms,,,,,,,,,,,,,,,,,,,,,
,Prepared,*Hann á lautum ·humra· bekks. / Hafdi skeidir,búnar sex.|Amóratisr|59|17ms,(Rms-sitot-17),,17ms,,,,,,,,,,,,,,,,,,,,,
,Prepared,"*þreifaði hún ·ofan· með stokknum, / þar lá brandurinn",búni .|Ífk|122|17ms,(Rms-sitot-17),,17ms,,,,,,,,,,,,,,,,,,,,,
þegar,,"Er ·hlíf·, segir sá, sem stendur við mastrið, þegar","búið er að reisa það upp, id est, er búið að herða staginn að framan.|GPétVestm|1",(Rms-sitot-17),,17s,,,,,,,,,,,,,,,,,,,,,
þegar,,Þegar,"búið er að slá alla ·súluna·, þá er hún borin öll í einn stað.|GPétVestm|103|17s1",(Rms-sitot-17),,17s,,,,,,,,,,,,,,,,,,,,,
þegar,,*Þegar,"búið var að ·bræða· mörinn, / binda reip og kertin steypa.|StÓl|69|17ms",(Rms-sitot-17),,17ms,,,,,,,,,,,,,,,,,,,,,