,SOURCE,YEAR,Clause,LEFT,BE,VERB,RIGHT,Tense,Class,Overtification,CompType,Predicate-type,Details,Details 2,Reading,Subordinate_After,?,Anterior,Definite?,Agentive,Animate,Subject-type (if not agentive),Person,Number,(Temporal) Adverbials,Neg,AdvMod (Temporal),GENRE,DESIGNATION,Exclude
58,HOMILIUBOK,1150,,"Það er oss mest nauðsyn , að vér leitim við , að vér",sém búnir,,"við andláti óru ávallt hverja stund frá annarri , af því að vér vitum eigi , hvort vér tökum öndina, síð er vér hrindim henni frá oss.",PRES-SBJ,,,Prepositional,,,,Prepared,No,,No,,,,,,,,,,REL-SER,"1150.HOMILIUBOK.REL-SER,.2095",Y
187,JARTEIN,1219,,Varð þá hversvetna í leitað síðan þess er í hug kom og kom þó eigi gerð í mungát og skipti það dægrum mjög mörgum er svo búið stóð og þótti þá flestum nær sýnt að allt mundi ónýtast .,,,,,,,,,,,við svo búið,,,,,,,,,,,,,REL-SAG,"1210.JARTEIN.REL-SAG,.209",Y
11,THETUBROT,1250,,En er hann,var búinn,,ferðar sinnar og byr gaf þá hélt hann til hafs,PST,,,Genitive,,Past,Complement-less,Prepared,No,,No,,,Yes,,,,er,,,NAR-SAG,"1250.THETUBROT.NAR-SAG,.7",
12,THETUBROT,1250,,En er Egill,var búinn,,"og byr gaf .-. þá
siglir hann í haf",PST,,,Complement-less,,Past,Complement-less,Prepared,No,,No,,,Yes,,,,er,,,NAR-SAG,"1250.THETUBROT.NAR-SAG,.74",
96,JOMSVIKINGAR,1260,,"Hákon jarl skipaðist brátt við orðsending Haralds konungs og þykir vera nauðsynjamál , og fer þegar er hann",var búinn,,,,,,Complement-less,,,,Prepared,No,,No,,,,,,,,,,NAR-SAG,"1260.JOMSVIKINGAR.NAR-SAG,.614",
97,JOMSVIKINGAR,1260,,Og nú þykir konunginum eigi vera mega svo búið,,,,,,,,,,"Maybe a different reading altogether, viðbúið?",Prepared,No,,No,,,,,,,,,,NAR-SAG,"1260.JOMSVIKINGAR.NAR-SAG,.1275",
144,MORKIN,1275,,Síðan fór hann til Englands og ætlaði þaðan til Nóregs . Og er þeir,voru búnir,,er til Nóregs ætluðu fer Halli á fund konungs og lést ort hafa um hann kvæði .,,,,Complement-less,,,,Prepared,No,,No,,,,,,,,,,NAR-HIS,"1275.MORKIN.NAR-HIS,.1393",Y
189,ALEXANDER,1300,,Hann gefur sendimönnum virðuligar gjafir og biður aftur fara við svo búið .,,,,,,,,,,,við svo búið,,,,,,,,,,,,,NAR-SAG,"1300.ALEXANDER.NAR-SAG,.322",Y
59,GRETTIR,1310,,Reið hann nú heim þá er hann,var búinn,,,PST,,,Complement-less,,,,Prepared,No,,No,,,,,,,,,,NAR-SAG,"1310.GRETTIR.NAR-SAG,.217",Y
60,GRETTIR,1310,,Létu þeir í haf þegar þeir,voru búnir,,,PST,,,Complement-less,,,,Prepared,No,,No,,,,,,,,,,NAR-SAG,"1310.GRETTIR.NAR-SAG,.347",Y
61,GRETTIR,1310,,Fékk Grettir þá stór högg af þeim svo að við meiðingum,var búið,,,PST,,,,,,,búast við,No,,No,,,,,,,,,,NAR-SAG,"1310.GRETTIR.NAR-SAG,.791",Y
188,GRETTIR,1310,,Hann brást við reiður er honum voru engin orð ger og kvað þá eigi svo búið skilja skyldu .,,,,,,,,,,,við svo búið,,,,,,,,,,,,,NAR-SAG,"1310.GRETTIR.NAR-SAG,.1708",Y
136,FINNBOGI,1350,,Urðarköttur var mikilvirkur svo að hann hljóp aftur og fram eftir skipinu og valdi það af öllu sem honum þótti best og bar út í skútuna svo sem hún mátti við taka . Síðan þeir,voru búnir,,reru þeir brott.,PST,,,Complement-less,,,,Prepared,No,,No,,,,,,,,,,NAR-SAG,"1350.FINNBOGI.NAR-SAG,632.424",Y
137,FINNBOGI,1350,,Gerðist hann stýrimaður að hálfu skipinu . Þá er þeir voru ,voru búnir,,fluttu þeir Ásbjörn og Þorgeir til skips það er Finnbogi átti .,PST,,,Complement-less,,,,Prepared,No,,No,,,,,,,,,,NAR-SAG,"1350.FINNBOGI.NAR-SAG,634.537",Y
138,FINNBOGI,1350,,Síðan bjó hún hana sem hún kunni best og bar á hana gull og silfur og alla hina bestu gripi þá er hún átti til . Og er þau,voru búin,,fylgir Ingibjörg þeim til skips .,PST,,,Complement-less,,,,Prepared,No,,No,,,,,,,,,,NAR-SAG,"1350.FINNBOGI.NAR-SAG,640.887",Y
139,FINNBOGI,1350,,Fyrir jól um veturinn fóru þau til jarls og þágu með honum veislu um jólin . En eftir jól bjóst Finnbogi til heimferðar og er þau,voru búin,,gekk jarl til strandar með þeim .,PST,,,Complement-less,,,,Prepared,No,,No,,,,,,,,,,NAR-SAG,"1350.FINNBOGI.NAR-SAG,646.1190",Y
140,FINNBOGI,1350,,"Þá mælti Þorgrímur : "" Það er ráð Jökull að ríða heim . Mun þér þetta verða engi sæmdarför að sinni . "" Jökull sá að þetta mundi svo fara með því að hann mæddi mjög blóðrás og það að Svartur stóð með reidda rekuna og",var búinn,,að slá hann með og þótti honum það mesta svívirðing,PST,,Uninformative,Inf,,,He was hemmorhaging and Svartur stood there with a shovel ready to hit him with it,Prepared,No,,No,,,,,,,,,,NAR-SAG,"1350.FINNBOGI.NAR-SAG,656.1725",Y
141,FINNBOGI,1350,,Lætur Finnbogi flytja varnað þeirra til skips . Þorkell og Þóra voru þá með Finnboga . Og er Bergur,er búinn,,ríða þeir Finnbogi og Þorkell með honum ,PRES,,,Complement-less,,,,Prepared,No,,No,,,,,,,,,,NAR-SAG,"1350.FINNBOGI.NAR-SAG,657.1855",Y
143,BANDAMENNM,1350,,"Oddur kaupir þar malt og korn , dvelst þar nokkura hríð og býr skip sitt og þegar hann",er búinn,,þá koma austanveður og sigla þeir,PRES,,,Complement-less,,"So when they were come out of the firth straightway was the wind fair, and they struck not sail before they came to the Orkneys : there Odd bought malt and corn, and abode there awhile and arrayed his ship. But even so soon as he was ready came an east wind, and they sailed",,Prepared,No,,No,,,,,,,,,,NAR-SAG,"1350.BANDAMENNM.NAR-SAG,.1131",Y
54,VILHJALMUR,1450,,Reginbald bað sína menn,vera búna,,"snemma um morguninn . "" Skulu vér ganga á brekku þá sem er fyrir ofan búðir hermanna .",INF,,,Complement-less,,,,Prepared,No,,No,,,,,INF,,,,,NAR-SAG,"1450.VILHJALMUR.NAR-SAG,31.559",Y
55,VILHJALMUR,1450,,Nú biðja þeir bræður að skal blása í lúðra og vopnast nú herinn og er sett merki upp . En áður þeir,voru búnir,,voru niður brotnar herbúðir og drepið margt manna. Lustu þeir nú upp herópi,PST,,,Complement-less,,,,Prepared,No,,No,,,,,,,,,,NAR-SAG,"1450.VILHJALMUR.NAR-SAG,32.574",Y
56,VILHJALMUR,1450,,"Að morgni dags bjóst Vilhjálmur burt , en er hann",er búinn,,biður hann fólk vel lifa . Ermlaug gekk á veg með honum,PRES,,,Complement-less,,,,Prepared,No,,No,,,,,,,,,,NAR-SAG,"1450.VILHJALMUR.NAR-SAG,55.1086",Y
57,VILHJALMUR,1450,,En hann var og,viðbúinn,,,PST,,,,,,,Prepared,No,,No,,,,,,,,,,NAR-SAG,"1450.VILHJALMUR.NAR-SAG,87.1775",Y
186,VILHJALMUR,1450,,""" Eigi megum við svo búnir skilja "" sagði Herkúl "" því að þú hefir hring þann á hendi sem mér hefir lengi leikið afturmundur að og muntu vilja leggja hann fram og sé við þá kvittir . """,,,,,,,,,,,við svo búið,,,,,,,,,,,,,NAR-SAG,"1450.VILHJALMUR.NAR-SAG,72.1431",Y
53,AEVINTYRI,1475,,"Klerkurinn svarar : "" Þín kvinna er ein skækja og hefir langan tíma verið og þenna dag segir hún svo fyrir að þú skalt deyja . "" Og sem keisarinn heyrði þetta undraði hann þetta mjög svo segjandi : "" Það kenni eg vel "" segir hann "" að mín kvinna er ein skækja og lengi hefir verið en af mínum dauða kenni eg ekki . Og ef þar er remedium eða hjálp til míns dauða og þá seg mér og ef þú mátt mínu lífi hjálpa og allt mitt góss og peningar skulu vera að þínum vilja . "" Klerkur svarar : "" Fyrir víst er þar ráð til og hjálp ef þú vilt eftir mínum vilja gjöra . "" Keisarinn svarar : Eg",er búinn,að gera ," að öllu sem þú segir fyrir . """,PRES,,,Inf,,,,Prepared,No,,No,,,,,1p,sg,,,,NAR-REL,"1475.AEVINTYRI.NAR-REL,.866",Y
13,OKUR,1611,Relative,"og svo fá þó samt ugglaust eins og allt sé hreint og klárt og á allar síður viturlega og vel gjört,-, og stofnað svo sem sá ríki bóndi meinti um sig sem allar sínar kornhlöður",var búinn,að fylla,,PST,Accomplishment,UninformativeInf,Inf,Transitive,Pluperfect,Potentially a bridge context?? More likely anterior.,Resultative,No,,Yes,Yes,Yes,Yes,,3p,sg,svo,P,0,REL-OTH,"1611.OKUR.REL-OTH,25.260",
14,OKUR,1611,,Eins segir spámaðurinn eru þeir með sínum veiðibrellum,útbúnir,,"að leggja upp og niður aftur og fram, snörur fyrir fólkið",,,,,,,,Prepared,No,,No,,,Yes,,,,,,,REL-OTH,"1611.OKUR.REL-OTH,31.371",Y
142,OLAFUREGILS,1628,Subordinate,"En þeirra vinskap er svo háttað , Vallenzku og Tyrkjanna , að nær þeir",eru búnir,að kaupast við,"og eru komnir eina mílu út frá þeim illvirkjastað , þá slá hvorir aðra í hel vægðarlaust .",PRES,Accomplishment,,Inf,Intransitive,https://books.google.de/books?id=ufQeDQAAQBAJ&pg=PA1&dq=olafur+egilsson&hl=en&sa=X&ved=2ahUKEwjA7fry5onuAhVTPewKHa6rAiUQ6AEwAHoECAAQAg#v=onepage&q=kill&f=false,"The context is not actually ambiguous, translation from book...is such, that when they have completed trading with one another and are one mile out from the harbour, they set upon and kill each other remorselessly.",Resultative,Yes,,Yes,,,,Unergative?,3p,pl,nær,P,0,BIO-TRA,"1628.OLAFUREGILS.BIO-TRA,.358",
221,OLAFUREGILS,1628,,og þá það,var búið,,,,,,,,,,Complete,No,,No,,,,,,,,,,BIO-TRA,"1628.OLAFUREGILS.BIO-TRA,.392",
46,GERHARD,1630,Main,Þínar syndir hafa að sönnu straffið forþént en það straff,er (Guð) búinn,að leggja upp á,allareiðu að leggja upp á sinn hjartans son,PRES,Achievement,InformativeInf,Inf,Transitive,,,Resultative,No,"At least, I think this is an achievement. The punishment of Jesus is a punctual event",Yes,Yes,Yes,Yes,,3p,sg,allareiðu,P,1,REL-OTH,"1630.GERHARD.REL-OTH,.543",
47,GERHARD,1630,Subordinate,"Sá sem nú lét sér vera umhugað um þig þegar þú varst enginn , skyldi honum nú ekki vera um þig hugað þar hann",er búinn,að skapa,þig eftir sinni eigin mynd?,PRES,Accomplishment - Achievement,InformativeInf,Inf,Transitive,, (More specific than definite),Resultative,Yes,,Yes,?,Yes,Yes,,3p,sg,,P,0,REL-OTH,"1630.GERHARD.REL-OTH,.554",
48,GERHARD,1630,Subordinate,"Já , hann gleymir oss enn nú ekki þó hann ",sé búinn,að framkvæma og fullgjöra,"vora endurlausn, heldur biður hann fyrir oss jafnlega þar hann nú situr til Guðs föður hægri handar ",PRES-SBJ,Achievement,UninformativeInf,Inf,Transitive,,Potential bridge context?,Resultative,Yes,,Yes,Yes,Yes,Yes,,3p,sg,,P,0,REL-OTH,"1630.GERHARD.REL-OTH,.582",
49,GERHARD,1630,Subordinate,Hvað er það að faðirinn skyldi ekki veita syninum þar hann,er búinn,að meðtaka,af honum svo mikið verð fyrir vora sáluhjálp svo sem faðirinn hefur látið sér vel lynda og líka ?,PRES,Achievement,InformativeInf,Inf,Transitive,,Potential bridge context? Unlikely but perhaps,Resultative,Yes,,Yes,No (but specific),Yes,Yes,,3p,sg,,P,0,REL-OTH,"1630.GERHARD.REL-OTH,.586",
204,ILLUGI,1650,,"Leið svo sumarið allt á haust fram , en þá tók ekki betra við , að nú gerist vistaskortur á skipinu . Horfir þá til vandræða svo búið .",,,,,,,,,,,við svo búið,,,No,,,,,,,,,,NAR-SAG,"1650.ILLUGI.NAR-SAG,.269",Y
205,ILLUGI,1650,,"Illugi bað hann þökk fyrir hafa góð boð , en segir það hugboð sitt , að eigi fái hann fest þar yndi svo búið .",,,,,,,,,,,við svo búið,,,No,,,,,,,,,,NAR-SAG,"1650.ILLUGI.NAR-SAG,.1880",Y
35,PISLARSAGA,1659,Subordinate,Þegar ég var nú,(var nú) búinn,að tala,við Jón yngra úti kom ég inn aftur í kirkjuna,PST,Accomplishment,,Inf,Intransitive,Pluperfect,,Resultative,No,The Stative of having talked to??,Yes,,Yes,Yes,Unergative,1p,sg,"þegar, nú",P,0,BIO-AUT,"1659.PISLARSAGA.BIO-AUT,.56",
1,INDIAFARI,1661,Subordinate,"svo bar við einn tíma er mér féll sú fyrsta vakt til um kvöldið, sem voru tvær klukkustundir í senn, að vaktmeistarinn Kaspar sendi boð til mín, eftir það hann ",var búinn,að læsa,"slotsportinu að ég gengi af skildbekknum heim til hans, hvað þó ei plagaðist tíðum, og setti þann í staðinn í mína vakt ",PST,Achievement,InformativeInf,Inf,Transitive,Pluperfect,,Resultative,Yes,,Yes,Yes,Yes,Yes,,3p,sg,eftir það,P,0,BIO-TRA,"1661.INDIAFARI.BIO-TRA,74.1308",
185,ARMANN,1675,,og-og fór-fara síðan-síðan heim-heim aftur-aftur við-við so-so búið-búa,,,,,,,,,,,við svo búið,,,No,,,,,,,,,,NAR-FIC,"1675.ARMANN.NAR-FIC,96.112",Y
120,SKALHOLT,1680,Subordinate,Þá,búið var,að brenna,féll í ösku,PST,Accomplishment,InformativeInf,Inf,Transitive (see Höski),Pluperfect,,Resultative,Yes,,Yes,Yes (but implied),?? utan gátur voru að Ásbjörn klerkur hefði farið ógætilega með glóðarker,??,Impersonal,,,þá,P,0,NAR-REL,"1680.SKALHOLT.NAR-REL,.94",
121,SKALHOLT,1680,Subordinate,"En í vikunni eftir Pálsmessu um veturinn , þá höfuðsmaður reið suður um Nes og",var búinn,að skipa niður (assign?),"fólki og hann var kominn heim í veg inn til Kirkjubóls á Miðnesi , og hann hafði verið þar nótt",PST,Achievement,InformativeInf,Inf,Transitive,Pluperfect,,Resultative,Yes,Seems like an achievement to me,Yes,No,Yes,Yes,,3p,sg,þá,P,0,NAR-REL,"1680.SKALHOLT.NAR-REL,.639",
210,SKALHOLT,1680,,"síra Björn Gíslason og Jón bóndi Magnússon voru sendir með honum , að bjóða boð fyrir þá feðga ; vildu danskir ekki taka neinum boðum , lýstu þá landráðamenn drottinssvikara ; fóru þeir síra Björn svo búnir ;",,,,,,,,,,,svo búnir,,,No,,,,,,,,,,NAR-REL,"1680.SKALHOLT.NAR-REL,.802",Y
190,VIDALIN,1720,,"Þótt nú að guðs föðurlig ást til mannkynsins sé jafnan búinn til að taka við syndaranum , nær hann snýr sér til yfirbótar , þá kann eg ekki að segja , að þess háttar manneskjum muni vera létt um afturhvarf , því guðs raust er mjög svo harðtöluð á móti þeim , er hann segir",,,,,,,Inf,,,look at the date -- shows both readings existed simultaneously,Prepared,No,,No,,,,,,,,,,REL-SER,"1720.VIDALIN.REL-SER,.1111",Y
115,KLIM,1745,Relative,"Ég gekk til sængur , eftir það ég hafði meðtekið mitt embættesbréf og var orðinn siðvenjulegur hofhlaupari ; og þó ég væri gjörsamlega þreyttur , gat ég þó ei sofið mest alla þá nótt ; því ég gat ei slitið úr mínum þanka það hið ósæmilega embætti , sem mér",var búið,að veita ,"sýndist mér það í mesta máta ósæmilegt og óþolandi , að einn candidatus ministerii , og baccalaureus úr þeim stóra heimi , skyldi vera lítils virður hlaupari hér hjá undirheimabúum þessum .",PST,Achievement,InformativeInf,Inf,Transitive,Pluperfect,,Resultative,No,,Yes,Yes,Yes (but implied),Yes (but implied),Impersonal,,, eftir það,P,0,NAR-FIC,"1745.KLIM.NAR-FIC,52.493",
110,KLIM,1745,Subordinate,En eftir það ég,var búinn,að læra,"undirjarðarmálið , og allt var búið að segja mér , þá snerist allt mitt forakt í forundran .",PST,Accomplishment,UninformativeInf,Inf,Transitive,Pluperfect,,Resultative,Yes,,Yes,Yes,Yes,Yes,,1p,sg,eftir það,P,0,NAR-FIC,"1745.KLIM.NAR-FIC,30.114",
111,KLIM,1745,Subordinate,Allt þetta reyndi ég og aðgætti hið grandvarlegasta eftir það ég,var búinn,að nema,"undirheimamálið : Tók ég þá síðan að dæma miklu mjúklegar um þetta fólk , en áður , hvert ég hafði allt of mikið ófyrirsynju fordæmt .",PST,Accomplishment,UninformativeInf,Inf,Transitive,Pluperfect,,Resultative,Yes,,Yes,Yes,Yes,Yes,,1p,sg,eftir það,P,0,NAR-FIC,"1745.KLIM.NAR-FIC,33.162",
112,KLIM,1745,Subordinate,Eftir það ég,var búinn,að afleggja,"barnaskóna sem svo er kallað , eður var orðinn fullnuma í undirheimamálinu , kom ný skipan frá konungsgarðinum , að mér skyldi meir kenna , og inntaka mig í staðarins seminarium eður háskóla til ýmislegra kúnsta og embætta , svo að þarverandi Karatti gætu rannsakað mínar sinnisgáfur , og úrskurðað , til hvers ég mundi best hæfur vera .",PST,Achievement,InformativeInf,Inf,Transitive,Pluperfect,,Resultative,Yes,,Yes,Yes,Yes,Yes,,1p,sg,eftir það,P,0,NAR-FIC,"1745.KLIM.NAR-FIC,33.173",
118,KLIM,1745,Relative,"Enginn má , undir lífsstraff , voga að gjöra útleggingar yfir það lögmál , sem einu sinni er opinberlega ",(er) búið,að staðfesta," svo sjálfræðinu eru meiri skorður settar í veraldlegum efnum , en í þeim andlegu .",PRES,Achievement,InformativeInf,Inf,Transitive,,,Resultative,No,"""einu sinni"" suggests universal but the reading itself seems to more clearly the target Stative of having been approved?",Yes,Yes,Yes (but implied),Yes (but implied),Impersonal,,,einu sinni,P,1,NAR-FIC,"1745.KLIM.NAR-FIC,73.810",
119,KLIM,1745,Subordinate,"Maður skal ei vera fljótt auðtrúa , hverki þá lastað er né lofað ; heldur á maður að láta sinn úrskurð bíða þangað til , að maður er fyrst",(er fyrst) búinn,að gegnumskoða,og rannsaka hlutinn rétt innvirðulega .,PRES,Accomplishment,InformativeInf,Inf,Transitive,,,Resultative,Yes,,Yes,Yes,Yes,Yes,Technically impersonal,3p,sg,fyrst,P,1,NAR-FIC,"1745.KLIM.NAR-FIC,74.844",
114,KLIM,1745,Subordinate,"Vegvísarinn vor , eður Karattinn , sem hingað hafði fært oss , bauð , að vér skyldum dvelja hér um kyrrt , inn til þess hann",væri búinn,að láta,"furstann vita , að vér komnir værum .",PST-SBJ,Achievement,InformativeInf,Inf,Transitive,Pluperfect,,Resultative,Yes,,Yes,No (but specific),Yes,Yes,,3p,sg,inn til þess ,P,1,NAR-FIC,"1745.KLIM.NAR-FIC,46.369",
109,KLIM,1745,Subordinate,"Eik þessi beraði minn handlegg og brjóst ; sló hún rétt laglega miðæðina með verkfæri þessu , og þegar hún hafði látið renna nokkuð blóð , svo mikið sem henni sýndist þurfa , þá batt hún til arminn aftur með eigi minni lagvirkni . Þá hún",var búin,að útrétta,"sitt erindi , og hafði skoðað blóðið þegjandi og forundrandi , gekk hún aftur sinn veg í burt .",PST,Accomplishment,UninformativeInf,Inf,Transitive,Pluperfect,,Resultative,Yes,,Yes,No (but specific),Yes,Yes,,3p,sg,þá,P,0,NAR-FIC,"1745.KLIM.NAR-FIC,30.112",
113,KLIM,1745,Subordinate,Þá ég,var búinn,að lesa ,"hann í gegnum , gat ég alls engu orkað fyrir reiði og efasemd ; en það mitt ráðstöfunarbréf var innifalið í eftirfylgjandi orðum :",PST,Accomplishment,UninformativeInf,Inf,Transitive,Pluperfect,,Resultative,Yes,,Yes,No (but specific),Yes,Yes,,1p,sg,þá,P,0,NAR-FIC,"1745.KLIM.NAR-FIC,41.295",
116,KLIM,1745,Subordinate,En þá,búið var,að halda,"ráðstefnuna og safna saman meiningunum , þá var forkastað þessu forslagi , svo sem það væri ógrundað , dárlegt , og landslýðnum skaðlegt ; því þeir meintu , að þetta mundi vekja mikinn óróa og óeining meðal þeirra konunglegu prinsa ;",PST,Accomplishment,UninformativeInf,Inf,Transitive,Pluperfect,,Resultative,Yes,,Yes,Yes,Yes (but implied),Yes (but implied),Impersonal,,,þá,P,0,NAR-FIC,"1745.KLIM.NAR-FIC,68.732",
117,KLIM,1745,Subordinate,"Í þessu samkvæmi er allt gjörsamlega yfirvegað , sem að gagni er framsett eður aðfundið slíkum lagasetningi , annað hvert til að staðfesta hann eður ónýta , samþykkja eður forbetra , vana eður auka ; og þá lögvitringarnir",eru búnir,að laga,"það rétt til og hreinskrifa , er það loksins sent furstanum til staðfestingar og undirskriftar áður en það er auglýst fyrir alþýðu  Þetta langa volk mun sýnast sumum hlægilegt .",PRES,Accomplishment,InformativeInf,Inf,Transitive,,,Resultative,Yes,,Yes,No (but specific),Yes (but implied),Yes,,3p,pl,þá,P,0,NAR-FIC,"1745.KLIM.NAR-FIC,72.801",
207,KLIM,1745,Subordinate,en þá hann var,(var) búinn,að yfirvega,"það sem honum hafði einu sinni skilist og úrskurðaði ekkert , fyrr en hann hafði sem fyllilegast yfirvegað það ; þá mátti með öllum rétti um hann segja , að hann hefði meira sýslað en tíu aðrir",PST,Accomplishment,InformativeInf,Inf,Transitive,Pluperfect,,Resultative,Yes,"More of an accomplishment, ""think something THROUGH""",Yes,No but specific,Yes,Yes,,3p,sg,þá,P,0,NAR-FIC,"1745.KLIM.NAR-FIC,49.444",
208,KLIM,1745,Subordinate,"Eptir það menn höfðu sig mettað , og borð voru ofantekinn , óskaði furstinn að sjá minn vitnisburð ; og þá hann ",(var) búinn,að lesa,"hann sá
hann mig til fótanna",PST,Accomplishment,UninformativeInf,Inf,Transitive,Pluperfect,,Resultative,Yes,,Yes,Yes,Yes,Yes,,3p,sg,þá,P,0,NAR-FIC,"1745.KLIM.NAR-FIC,50.461",
209,KLIM,1745,Subordinate,Þá nú ,búið var,að tilkynna,"mér allt þetta , var kallað á einhvern kiva , eður sekretera , sem mig skyldi teikna , ásamt öðrum nýkomnum candidatis , í þá bók , sem í voru rituð nöfn þeirra , sem verðugir voru að setjast til embætta .",PST,Achievement,InformativeInf,Inf,Transitive,Pluperfect,,Resultative,No,,Yes,No but specific,,,Impersonal,,,þá nú,P,0,NAR-FIC,"1745.KLIM.NAR-FIC,51.481",
50,FIMMBRAEDRA,1790,Subordinate,"Patríarkinn kvað þetta vel stofnað , en hans áform útheimta langan tíma til framkvæmdar , því fyrst yrði guð ekki réttilega dýrkaður né tilbeðinn nema á ebresku tungumáli , svo yrðu þeir allir að læra vel ebreskuna , og nær þeir",væru búnir,,"að því yrðu þeir að iðka og yfirfara lögmálið og Móisesbækurnar , líka spámennina og Davíðssálma .",PST-SBJ,Accomplishment,,,"Fill in later (but yes, að því - að læra hebreskuna)",,,Resultative,Yes,,Yes,,,,,,,nær,P,0,NAR-SAG,"1790.FIMMBRAEDRA.NAR-SAG,.800",
51,FIMMBRAEDRA,1790,Subordinate,"Gyðingar sóttu og mikið eftir að plægja þá í öllum kaupum og sölum , svo þá þeir",voru búnir,að dvelja,"þar hálft annað ár var uppgenginn mesti partur þeirra fjármuna , því kennsla þeirra og forsorgun varð þeim mjög dýr , svo jarlsson tók nú að iðrast eftir að hann hafði gefið sig á þeirra vald , því hann þóttist sjá að nær þeir væru félausir orðnir mundu gyðingar selja þá í þrældóm , því þó þeir tækju þeirra trú mundu þeir aldrei taka þá í þeirra kynkvíslatölu , og yrðu þeir því að vera sem útlendingar meðal þeirra alla ævi .",PST,Stative,,Inf,Intransitive ,Pluperfect,Durative stative!,Universal,Yes,,Yes,,No ,Yes,Theme (Unaccusative?),3p,pl,"þar, hálft annað ár",P,1,NAR-SAG,"1790.FIMMBRAEDRA.NAR-SAG,.807",
170,FIMMBRAEDRA,1790,,"Skiptust þeir þá í fjóra staði og leituðu í þrjá daga um allar áttir en fundu ekkert, urðu því svo búnir aftur...",,,,,,,,,,"This is another að svo búnir sorta reading, notably there are clear prepared readings in the same text",við svo búið,,svo búnir,No,,,,,,,,,,NAR-SAG,"1790.FIMMBRAEDRA.NAR-SAG,.362",Y
171,FIMMBRAEDRA,1790,,"Þá svaraði Samson : "" Látum vel yfir meðan svo búið stendur ",,,,,,,,,,,við svo búið,,,No,,,,,,,,,,NAR-SAG,"1790.FIMMBRAEDRA.NAR-SAG,.598)",Y
172,FIMMBRAEDRA,1790,,Kvað hann sig langa til að sjá einhverjum persískum blæða fyrir dráp sinna stallbræðra . Voru nú búin sextán skip úr landi með tíu þúsund hermanna .,,,,,,,,,,Ambig context,Complete/Prepared,,,No,,,,,,,,,,NAR-SAG,"1790.FIMMBRAEDRA.NAR-SAG,.1303",Y
40,JONSTEINGRIMS,1791,Main,"Komu og 6 menn með henni að norðan, sem og léðu hesta, og kostaði mig þá ferð og fyrirhöfn 80 dali slétta. En allan þann kostnað ",var (ég) búinn,að uppvinna,"og betur til, á 4 árum þar eftir .",PST,Accomplishment,InformativeInf,Inf,Transitive,Pluperfect,,Resultative,No,,Yes,Yes,Yes,Yes,,1p,sg,á 4 árum þar eftir,P,1,BIO-AUT,"1791.JONSTEINGRIMS.BIO-AUT,129.824",
168,JONSTEINGRIMS,1791,Subordinate,Nær eg skyldi hvílast og,búið var,að draga af mér,stígvélin dregur hún af mér sokkana sjálf .,PST,Achievement,InformativeInf,Inf,Transitive,Pluperfect,,Resultative,Yes,,Yes,Yes,Yes,Yes,Impersonal,,,nær,P,1,BIO-AUT,"1791.JONSTEINGRIMS.BIO-AUT,112.298",
41,JONSTEINGRIMS,1791,Main,"Fóru öll þau skjöl til biskups sem mér aftur tilskrifaði , og sagði ef eg vildi stunda upp á geistleg embætti svo skyldi eg koma í Skálholt það bráðasta og taka þar vígslu .
En þar eg hafði á ölmususkóla verið þorði eg ei annað en hlýða þeirri kallan .",Var (þó) búinn (svo),að forbetra,og byggja jörðina Hellur að ei ætlaði þaðan auðveldlega að fara ,PST,Accomplishment,InformativeInf,Inf,Transitive,Pluperfect,,Resultative,No,,Yes,Yes,Yes,Yes,,1p,sg,svo,P,0,BIO-AUT,"1791.JONSTEINGRIMS.BIO-AUT,136.1002",
36,JONSTEINGRIMS,1791,Main,Og þá eg og lagsmaður minn vildum léttan á leggja vorum við,(vorum við) búnir,,"með mælir vorn um miðmunda og nónbil
",PST,,,Nominal complement!,,Pluperfect,Nominal complement! ,Resultative,No,"Achievement/Accomplishment?
Perhaps lean towards the latter",Yes,,,,,3p,pl,þá,P,1,BIO-AUT,"1791.JONSTEINGRIMS.BIO-AUT,.11",
37,JONSTEINGRIMS,1791,Relative,"Hún sendi þangað ráðsmann sinn um sumarið , þá sláttur var kominn , og hyski með honum
og lét taka af oss hálfan eldivið , hálf tún og engjar og lá við um heyið sjálft er",búið var,að hirða,Bauð sýslumaður okkur að dæma þennan umgang af .,PST,Accomplishment,UninformativeInf,Inf,Transitive,Pluperfect,,Resultative,Yes,Transitivity is implied,Yes,,Yes,Yes,Impersonal,3p,sg,þá,P,0,BIO-AUT,"1791.JONSTEINGRIMS.BIO-AUT,109.226",
43,JONSTEINGRIMS,1791,Subordinate,"Kom þar þá annar maður , sem eg setti til að hindra með öðrum hætti fyrir honum , meðan eg uppnæði inntaki úr prédikun þeirri , er eg átti að framflytja sjálfan hátíðisdaginn , en eg átti prédikanir , sem áður hafði brúkað hina dagana . Stóðst á að",ég (var) búinn,,með prédikunina og maðurinn gat ei lengur tafið fyrir hönum,PST,Accomplishment ,,Nominal complement!,,Pluperfect,Nominal complement! ,Resultative,Yes,,Yes,Yes,Yes,Yes,,1p,sg,þá,P,0,BIO-AUT,"1791.JONSTEINGRIMS.BIO-AUT,141.117",
44,JONSTEINGRIMS,1791,Subordinate,"Þessu mínu loforði við hans guðdómlegu hátign gleymdi eg , æ því miður , hvar fyrir einn fagran hvítasunnuhátíðisdag á Sólheimum þá þar var fjöldi fyrir utan sóknarfólkið samankominn tók guð svo frá mér allt minni í prédikunarstólnum , þá",eg var búinn,,"með exordíum , að eg mundi ei nokkurt orð af því framflytja ætlaði og eg gagnkunni og varð svo að fara jafnnær ofan úr stólnum aftur .",PST,Accomplishment,,Nominal complement!,,Pluperfect,Nominal complement! ,Resultative,Yes,,Yes,Yes,Yes,Yes,,1p,sg,þá,P,0,BIO-AUT,"1791.JONSTEINGRIMS.BIO-AUT,142.1193",
45,JONSTEINGRIMS,1791,Main,Mr. Jón Scheving bróðir hans var þá og,(var) búinn,að gefa sig,"í soldátastétt , svo hér bættist eitt á annað .",PST,Achievement,,Inf,Intransitive,Pluperfect,,Resultative,No,,Yes,,Yes,Yes,,3p,sg,þá,P,1,BIO-AUT,"1791.JONSTEINGRIMS.BIO-AUT,155.1439",
38,JONSTEINGRIMS,1791,Subordinate,Hann hélt manni mínum svo lengi hjá sér þar til,búin voru,,,,,,Complement-less,,,,Finish,,Exclude?? Not real perfect,,,,,,1p,pl,,,,BIO-AUT,"1791.JONSTEINGRIMS.BIO-AUT,112.287",Y
39,JONSTEINGRIMS,1791,Main,"Eg klæddi mig í 7faldan klæðnað en þeir 5faldan, létum brauð í vasa okkar en starfhníf í einn smjördall svo við skyldum hafa þennan mat uppi við ef ei til annars næðum hvað og svo upp á kom",vorum (við) búnir,,áður dagur rann upp .,PST,Accomplishment,,Non verbal complement - að öllu þessu,,Pluperfect,Non verbal complement - að öllu þessu,Resultative,No,,Yes,,,,,1p,pl,,P,1,BIO-AUT,"1791.JONSTEINGRIMS.BIO-AUT,119.474",
42,JONSTEINGRIMS,1791,Main,"Hann fer inn, er þar stundarkorn, kemur út aftur og segir : Eg",er búinn ,að leita ,um allt og er hér engin stöng.,PRES,Accomplishment,,Inf,Intransitive,,look for....,Resultative,No,,Yes,,Yes,Yes,,1p,sg,,P,0,BIO-AUT,"1791.JONSTEINGRIMS.BIO-AUT,140.1130",
169,JONSTEINGRIMS.,1791,,Morguninn eftir í dögun búum við oss til ferðar og,erum búnir,,þá hyskið fer á fætur,PRES,,,Complement-less,,!! Genuine bridge example even though its a 100 years later,Interesting because it is evidence of both readings existing simultaneously,,No,,No,,,,,,,,,,BIO-AUT,"1791.JONSTEINGRIMS.BIO-AUT,121.544",
99,JONASEDLI.,1835,,"Sjávarbakkarnir voru líka rannsakaðir , og margar gryfjur grafnar einungis í þeim tilgangi ; og",væri búinn til,,,,,,,,,,Prepared,No,,No,,,,,,,,,,"SCI-NAT,","1835.JONASEDLI.SCI-NAT,.130",Y
122,PILTUR,1850,Main,"Vinátta sú og ylur , sem verið hafði með þeim , á meðan þau voru börn",var (nú) búinn,að taka,"aðra stefnu í hjörtum þeirra og snúinn í heita og einlæga ást , er þau báru hvort til annars .",PST,Achievement,InformativeInf,Inf,Transitive,Pluperfect,,Resultative,No,,Yes,No,No,No,,3p,sg,nú,P,1,NAR-FIC,"1850.PILTUR.NAR-FIC,.806",
123,PILTUR,1850,Main,"líður nú fram að hádegi , eru þær Sigríður og Grána þá",(eru) búnar,að færa,"leikinn út í mitt túnið ,",PRES,Achievement,InformativeInf,Inf,Transitive,,,Resultative,No,,Yes,Yes,Yes,Yes,,3p,pl,nú,P,1,NAR-FIC,"1850.PILTUR.NAR-FIC,.867",
124,PILTUR,1850,Subordinate,"Ég vildi helst , að þú",værir búinn,að taka við,því öllu saman og ég mætti hírast hérna í kofunum ; hafa skemmugreyið mitt út af fyrir mig ; nokkrar kindur í heyjum og afgjaldið af þessum fáu jarðaskikum ;,PST-SBJ,Achievement,InformativeInf,Inf,Transitive,Pluperfect,,Resultative,Yes,,Yes,Yes,Yes,Yes,,2p,sg,,P,0,NAR-FIC,"1850.PILTUR.NAR-FIC,.1187",
211,PILTUR,1850,,"Þá skyldi sýslumaður skera úr þrætunni , og var honum ritað af hreppstjórunum . Sýslumanni varð heldur ógreitt um svarið , en svo búið mátti ekki standa",,,,,,,,,,,svo búið,,,No,,,,,,,,,,NAR-FIC,"1850.PILTUR.NAR-FIC,.60",Y
212,PILTUR,1850,Main,"Ormur kvað það ekki sæma , að menn erfðu slíkt lengi . Þá skal ég ekki",skal ég ekki vera búinn,að gleyma,"því í kvöld , sagði Ingveldur ,",FUT,Achievement,InformativeInf,Inf,Transitive,,"Futurate reference, at that point I will not have forgotten (been in the Stative of having forgotten)",Resultative,No,,Yes,No but specific,Yes?,Yes,,1p,sg,,N,1,NAR-FIC,"1850.PILTUR.NAR-FIC,.417",
213,PILTUR,1850,Subordinate,Eftir að,búið (var),að kveikja,"og borða , minntist Sigríður á , hvort ekki ætti að fara að spila ;",PST,Achievement,InformativeInf,Inf,Transitive,Pluperfect,,Resultative,Yes,,Yes,No but specific,Yes,Yes,Impersonal,,,,P,0,NAR-FIC,"1850.PILTUR.NAR-FIC,.571",
214,PILTUR,1850,Subordinate,ég held hún,sé búin,að míga,niður úr sér öllum pæklinum,PRES-SBJ,Achievement,InformativeInf,Inf,Transitive,,,Resultative,Yes,,Yes,Yes,Yes?,Yes,,3p,sg,,P,0,NAR-FIC,"1850.PILTUR.NAR-FIC,.1177",
215,PILTUR,1850,Main,Ég,er búinn,að fullreyna mig,á henni,PRES,Accomplishment,,Inf,Intransitive,,,Resultative,No,"Unsure about the class. here, fullreyna has an endpoint? Probably an activity otherwise. Again focus on result Stative",Yes,,Yes,Yes,Unergative,1p,sg,,P,0,NAR-FIC,"1850.PILTUR.NAR-FIC,.1200",
216,PILTUR,1850,Subordinate,"Um það leyti , sem Guðmundur",var búinn,að drekka,"kaffið , víkur Ingveldur talinu til Bárðar",PST,Accomplishment,UninformativeInf,Inf,Transitive,Pluperfect,,Resultative,Yes,,Yes,Yes,Yes,Yes,,3p,sg,,P,0,NAR-FIC,"1850.PILTUR.NAR-FIC,.1353",
202,HUGVEKJUR,1859,Subordinate,"Enn fremur var það oftraust á sjálfum sér , sem kom Pétri til að fylgja Jesú , eftir að",búið var,að handtaka,"hann , jafnvel þó Jesús væri nýbúinn að vara hann með þessum orðum : "" Þangað sem ég fer , getur þú ekki fylgt mér að sinni "" .",PST,Achievement,InformativeInf,Inf,Transitive,Pluperfect,,Resultative,Yes,,Yes,No but specific,,,Impersonal,,,eftir að,P,0,REL-SER,"1859.HUGVEKJUR.REL-SER,.604",
203,HUGVEKJUR,1859,Main,"og fyrr en þig varir , ert þú ",búinn,að draga dám,"að draga dám af þínum óguðlegu sessunautum , og endar með því að afneita frelsara þínum .",PRES,Accomplishment,InformativeInf,Inf,Transitive,,,Resultative,No,"Before you know it, you have already been influenced",Yes,No but specific,Yes,Yes,,2p,sg,fyrr en varir,P,1,REL-SER,"1859.HUGVEKJUR.REL-SER,.612",
90,HUGVEKJUR,1859,Main,Jesús ,var (nú) búinn,að skipa,hið heilaga kvöldmáltíðar-sakrament,PST,Achievement,InformativeInf,Inf,Transitive,Pluperfect,,Resultative,No,Doubtful about achievement status...,Yes,Yes,Yes,Yes,,3p,sg,nú,P,1,REL-SER,"1859.HUGVEKJUR.REL-SER,.12",
94,HUGVEKJUR,1859,Main,Nú var grasgarðspína frelsarans afstaðin ; hann ,(var nú) búinn,að vekja,lærisveina sína með þessum orðum,PST,Achievement,InformativeInf,Inf,Transitive,Pluperfect,,Resultative,No,,Yes,Yes,Yes,Yes,,3p,sg,nú,P,1,REL-SER,"1859.HUGVEKJUR.REL-SER,.246",
91,HUGVEKJUR,1859,Main,og (Jesús),(var) búinn,að kveðja,"lærisveina sína með þeirri guðdómlegu skilnaðarræðu , sem lesa má hjá Jóhannesi guðspjallamanni í 15.-17. kapít.",PST,Achievement,InformativeInf,Inf,Transitive,Pluperfect,,Resultative,No,Most likely an achievement,Yes,Yes,Yes,Yes,,3p,sg,nú (previous line),P,1,REL-SER,"1859.HUGVEKJUR.REL-SER,.12",
95,HUGVEKJUR,1859,Subordinate,En þegar hann,er búinn,að reka ,"Jesú úr hjarta sínu , þá brýst þar inn flokkur óhreinna anda og syndsamlegra girnda , sem hrekja manninn á lastanna veg , þangað til myrkranna vald hefir algjörlega fengið yfirráð yfir honum og hann verður syndarinnar þræll .",PRES,Achievement,InformativeInf,Inf,Transitive,,,Resultative,Yes,,Yes,Yes,Yes,Yes,,3p,sg,"þegar, þá",P,0,REL-SER,"1859.HUGVEKJUR.REL-SER,.433",
92,HUGVEKJUR,1859,Main,hann (Jesús),var búinn,að biðjast fyrir,með þeim,PST,Accomplishment,,Inf,Intransitive,Pluperfect,,Resultative,No,accomplishment activity amb,Yes,,Yes,Yes,Unergative,3p,sg,,P,0,REL-SER,"1859.HUGVEKJUR.REL-SER,.13",
93,HUGVEKJUR,1859,Main,og (Jesús),(var) búinn,að biðja fyrir þeim,,PST,Accomplishment,,Inf,Intransitive,Pluperfect,,Resultative,No,accomplishment activity amb,Yes,,Yes,Yes,Unergative,3p,sg,,P,0,REL-SER,"1859.HUGVEKJUR.REL-SER,.13",
154,ORRUSTA,1861,Subordinate,Létti Metternich eigi fyrr en hann var,(var) búinn,að ná upp,úr Hjörleifi hverju einasta beini ; voru þau að þessu alla nóttina .,PST,Accomplishment,UninformativeInf,Inf,Transitive,Pluperfect,,Resultative,Yes,,Yes,No but specific,Yes,Yes,,3p,sg,eigi fyrr en,P,1,NAR-FIC,"1861.ORRUSTA.NAR-FIC,.1656",
8,ORRUSTA,1861,Main,En þá var Marmier,var (Marmier) búinn,að lóga,"hrútnum fyrir löngu því að hann gaf
Lamartine hrútinn í sumargjöf",PST,Achievement,UninformativeInf,Inf,Transitive,Pluperfect,,Resultative,No,,Yes,Yes,Yes,Yes,,3p,sg,fyrir löngu,P,1,NAR-FIC,"1861.ORRUSTA.NAR-FIC,.253",
10,ORRUSTA,1861,Main,""" Hvaða skelfing ertu lengi , Evgenía "" , sagði Napóleon . Nú",er (ég) búinn,,"""en það vantar axlabandahnapp í buxurnar þínar ;
ég ætla að festa hann á snöggvast ",PRES,Achievement,,Complement-less,Intransitive,Complement is: klæðast,Complement-less,Resultative,No,,Yes,No,Yes,Yes,Unergative,1p,sg,nú,P,1,NAR-FIC,"1861.ORRUSTA.NAR-FIC,.355",
151,ORRUSTA,1861,Subordinate,"og fer yður sem sumum þeim , er alltaf lifa í fjárkláða og saltfiski , svo að þegar þeim verður illt , þá hugsa þeir að nú sé þeir",búnir,að fá,"fjárkláðann , eður ef þeir tapa túmarki , þá dettur þeim í hug að slíkt muni hafa áhrif á saltfiskinn .",PRES-SBJ,Achievement,InformativeInf,Inf,Transitive,,,Resultative,Yes,,Yes,Yes,,,Recipient,,,nú,P,1,NAR-FIC,"1861.ORRUSTA.NAR-FIC,.595",
155,ORRUSTA,1861,Main,Þóttist Pútíphar nú vera ,búinn,að vera,lengi,PST,Stative,,Inf,Intransitive,,,Universal,No,Def. universal,Yes,,No,No,,3p,sg,"nú, lengi",P,1,NAR-FIC,"1861.ORRUSTA.NAR-FIC,.1674",
150,ORRUSTA,1861,,"En er þessir hlutir ágerðust , þá sá Napóleon , að eigi mátti svo búið standa , og með því hann þóttist eiga sín að hefna , þá hugsar hann með sjálfum sér , að best muni vera að fara sjálfur og herja .",,,,,,,,,,,við svo búið,,,No,,,,,,,,,,NAR-FIC,"1861.ORRUSTA.NAR-FIC,.314",Y
152,ORRUSTA,1861,,"Nú sem Austurríkiskeisari heyrir herbresti og tröllkvennalæti vestur í heim , þá hyggur hann sem var , að Napóleon muni eigi láta við svo búið standa , og sér nú að eigi er til setu boðið .",,,,,,,,,,,við svo búið,,,No,,,,,,,,,,NAR-FIC,"1861.ORRUSTA.NAR-FIC,.813",Y
153,ORRUSTA,1861,Main,"Þá kallaði Metternich niður í hauginn og mælti : "" Hvaða skelfing eruð þér lengi , keisari góður , eða hefir draugurinn drepið yður ? "" "" Nei "" , sagði keisarinn , "" en ég er búinn að drepa drauginn ;",er búinn,að drepa,drauginn,PRES,Achievement,UninformativeInf,Inf,Transitive,,,Resultative,No,,Yes,Yes,Yes,Yes,,1p,sg,,P,0,NAR-FIC,"1861.ORRUSTA.NAR-FIC,.1023",
102,TORFHILDUR,1882,Subordinate,"Frá því að Daði kom í hópinn , bolaði hann nær gjörsamlega Ólafi út , því að jafnskjótt sem eitthvað var að reiðtygjum Vilborgar ", var (Daði) búinn,að koma,"því í lag , áður en Ólafur , svo knár sem hann var , var kominn af baki ",PST,Achievement - Accomplishment,InformativeInf,Inf,Transitive,Pluperfect,,Resultative,No,,Yes,No (but specific),Yes,Yes,,3p,sg,jafnskjótt og,P,1,NAR-FIC,"1882.TORFHILDUR.NAR-FIC,.899",
103,TORFHILDUR,1882,Main,"Héldu þau síðan til tjalda biskups, og var þá ferðinni lokið í bráð ",Var nú búið,að handtaka ,Guðmund Andrésson,PST,Achievement,InformativeInf,Inf,Transitive,Pluperfect,,Resultative,No,,Yes,Yes,Yes,Yes,Impersonal,,,nú,P,1,NAR-FIC,"1882.TORFHILDUR.NAR-FIC,.926",
105,TORFHILDUR,1882,Main,Þau hentu knetti á milli sín og höfðu mikið gaman af að grípa hann á lofti . Nú,er ég búinn,að ná,"knettinum fjórum sinnum hvað eftir annað , en þú aldrei",PRES,Achievement,InformativeInf,Inf,Transitive,,,Experiential,No,,Yes,Yes,Yes,Yes,,1p,sg,nú,P,1,NAR-FIC,"1882.TORFHILDUR.NAR-FIC,.1331",
206,TORFHILDUR,1882,Main,"Sökum þess sváfu nokkrir af piltum í kirkjuloftinu , en fluttu jafnskjótt sem sýkinni var aflétt aftur inn í svefnhús skólans , nema þeir Daði og Illugi sváfu úti á kirkjulofti enn . Var oft",(var) búið,að segja,"þeim að flytja inn , en það dróst .",PST,Achievement,InformativeInf,Inf,Transitive,Pluperfect,,Experiential,No,"Tricky, especially since pluperfect, do pluperfect experiential readings exist? Well, they can if we just shift the eval time",Yes,No but specific,Yes,Yes,Impersonal,,,oft,P,1,NAR-FIC,"1882.TORFHILDUR.NAR-FIC,.962",
100,TORFHILDUR,1882,,""" Eruð þér , herra biskup ,",búinn til,,ferðar...,,,,Prepositional,,,,Prepared,,,No,,,,,,,,,,NAR-FIC,"1882.TORFHILDUR.NAR-FIC,.45",Y
101,TORFHILDUR,1882,Main,"Þér kastið fjólunni, hún ",er (líka) búin,að lifa,sitt fegursta,PRES,Stative,,Inf,Intransitive,,durative stative,Resultative,No,Idiomatic result May have an achievement reading???,Yes,Yes,No,No,??? Due to cognate object maybe not actually unaccusative,3p,sg,,P,0,NAR-FIC,"1882.TORFHILDUR.NAR-FIC,.566",
104,TORFHILDUR,1882,Main,En ég er nærri því,búin,að gleyma,"erindinu , "" sagði frúin "" og hví skyldi það ekki , þegar þú ferð að tala um dauðann ? """,PRES,Achievement,InformativeInf,Inf,Transitive,,,Resultative,No,"Negated result... I am almost in the Stative of having forgotten the business, perhaps (See Schwenter article for effect of modification!)",Yes,Yes,Yes,Yes,,1p,sg,,P,0,NAR-FIC,"1882.TORFHILDUR.NAR-FIC,.1223",
106,TORFHILDUR,1882,Main,""" Hví ferðu svo geyst , barn ? "" sagði biskup , er Ragnheiður litla vatt sér inn úr dyrunum og í fangið á föður sínum. Þú varst nærri",(varst) búin,að velta,um koll fyrir mér blekbyttunni með ofboðinu,PST,Achievement,InformativeInf,Inf,Transitive,Pluperfect,,Resultative,No,"Nearly... ?? Another 'almost', likely result",Yes,Yes,Yes,Yes,,2p,sg,,P,0,NAR-FIC,"1882.TORFHILDUR.NAR-FIC,.1358",
107,TORFHILDUR,1882,Main,""" Vill Bjálki þá ekki koma ? "" Ég",var (nærri) búinn,að gleyma,"herra höfuðsmaður , "" sagði biskup , "" að bóndi sá , er giftur var í dag , býður yðar að sitja veizlu sína í kvöld",PST,Achievement,InformativeInf,Inf,Transitive,Pluperfect,,Resultative,No,"?? Another 'almost', likely result... the result almost holds...",Yes,?,? (Not quite),Yes,,1p,sg,,P,0,NAR-FIC,"1882.TORFHILDUR.NAR-FIC,132.1842",
108,VOGGUR,1883,Subordinate,"Hans Vöggur hafði verið vatnskarl í Reykjavík nær því svo lengi , sem menn mundu eftir . Og jafnlengi hafði hann raulað sömu vísuna með sama vísnalaginu fyrir munni sér , þegar hann",var búinn,að pósta, vatnið upp í föturnar sínar úr póstinum í Aðalstræti og var kominn á stað .,PST,Accomplishment,UninformativeInf,Inf,Transitive,Pluperfect,,Resultative,Yes,"I think I know what this verb means, but",Yes,Yes,Yes,Yes,,3p,sg,þegar,P,0,NAR-FIC,"1883.VOGGUR.NAR-FIC,.2",
87,VORDRAUMUR,1888,Subordinate,"Hef ég nokkurt vald til að banna sóknarbörnum mínum að kjósa þig ? Og er það nú syndsamlegt , þó ég , eftir kosninguna taktu eftir , eftir að",búið er ,að kjósa,"hver sem kosinn verður og hver sem annars hefði orðið kosinn gefi sóknarbörnum mínum upp þessar lítilvægu skuldir , sem þeir standa í við mig ?",PRES,Achievement,InformativeInf,Inf,Transitive,,,Resultative,Yes,,Yes,,Yes,Yes,Impersonal,,,eftir að,P,0,NAR-FIC,"1888.VORDRAUMUR.NAR-FIC,.510",
88,VORDRAUMUR,1888,Subordinate,Hvað honum var rótt innanbrjósts eftir að hann ,var búinn,að finna,finna friðinn við sjálfan sig .,PST,Achievement,InformativeInf,Inf,Transitive,Pluperfect,,Resultative,Yes,,Yes,Yes,Yes,Yes,,3p,sg,eftir að,P,0,NAR-FIC,"1888.VORDRAUMUR.NAR-FIC,.558",
201,VORDRAUMUR,1888,Main,""" Ég kýs tengdason prófastsins , hann og engan annan hana nú ég",ég er búinn,að segja,"er búinn að segja það margsegja það "" .",,Achievement,InformativeInf,Inf,,,,Experiential,No,"Again, tricky. Resultative here: I am in the Stative of having already told you?? Also, recent past, CR",,,,,,1p,sg,nú,P,1,NAR-FIC,"1888.VORDRAUMUR.NAR-FIC,.639",
85,VORDRAUMUR,1888,Main,"Prófasturinn sjálfur og enginn annar var orsök í því , ef dóttir hans , og það slík dóttir , missti alla lífslukku sína . Hann",var búinn,að klæða sig,og opnaði svo gluggann og leit út á túnið og fram í hólmann .,PST,Achievement,,Inf,Intransitive,Pluperfect,,Resultative,No,,Yes,,Yes,Yes,Unergative,3p,sg,og...svo,P,0,NAR-FIC,"1888.VORDRAUMUR.NAR-FIC,.424",
78,VORDRAUMUR,1888,Subordinate,Þegar hann ,var búinn,að spyrja,"almæltra tíðinda úr höfuðstaðnum , fór hann að ganga um gólf og tala um hvað veðráttan hefði lengst af verið köld um vorið og hvað lífshagur hér á landi væri kaldranalega eintrjáningslegur",PST,Accomplishment,InformativeInf,Inf,Transitive,Pluperfect,,Resultative,Yes,,Yes,,Yes,Yes,Unergative,3p,sg,þegar,P,0,NAR-FIC,"1888.VORDRAUMUR.NAR-FIC,.62",
81,VORDRAUMUR,1888,Subordinate,Frú Anna hafði hreina og fallega rödd og þegar hún,var búin,að syngja,"nokkur lög , hætti hún að syngja , og spilaði sönglaust á gítarinn eftir sínu höfði .",PST,Accomplishment,UninformativeInf,Inf,Transitive,Pluperfect,,Resultative,Yes,Could this be universal? Focus on result Stative,Yes,No,Yes,Yes,,3p,sg,þegar,P,0,NAR-FIC,"1888.VORDRAUMUR.NAR-FIC,.123",
82,VORDRAUMUR,1888,Subordinate,Þegar hún,var búin,að láta ,"rennigluggatjaldið fór hún að afklæða sig , en hætti svo allt í einu í miðju kafi ,
settist á stól við náttborðið , studdi hönd undir kinn og einblíndi fram fyrir sig .",PST,Accomplishment,UninformativeInf,Inf,Transitive,Pluperfect,,Resultative,Yes,,Yes,Yes,Yes,Yes,,3p,sg,þegar,P,0,NAR-FIC,"1888.VORDRAUMUR.NAR-FIC,.180",
83,VORDRAUMUR,1888,Subordinate,það væri ógnarhægt að tala um skyldurækt þegar aðrir,væru búnir,að búa,"manni lífshreiður , svo maður þyrfti ekkert annað en að sitja þar eins og fugl á eggjum alla sína ævi og garga svo til vargsins fyrir utan , sem annað hvort ætti ill hreiður eða engin : ""  Skyldurækt , skyldurækt ! """,PST,Accomplishment,,Inf,Intransitive,Pluperfect,,Resultative,Yes,,Yes,No,Yes,Yes,Unergative,3p,pl,þegar,P,0,NAR-FIC,"1888.VORDRAUMUR.NAR-FIC,.223",
86,VORDRAUMUR,1888,Subordinate,"Tölum nú rólega um þetta allt , ég sé að þú ert eitthvað æstur í hug , kannske eitthvert þessa heims barn hafi reynt til að eitra þína guðelskandi sál , tölum nú rólega , dæm þú mig og okkar mál allt , elsku Bjarni minn , þegar",er búinn,að tala,"þínum dómi vil ég glaður hlíta , en verum báðir umfram allt hógværir eins og kristnum sæmir og fordómalausir gerðu svo vel , hérna eru ný egg úr hólmanum okkar .",PRES,Activity,UninformativeInf,Inf,Intransitive,,,Resultative,Yes,,Yes,,Yes,Yes,Unergative,1p,sg,þegar,P,0,NAR-FIC,"1888.VORDRAUMUR.NAR-FIC,.479",
89,VORDRAUMUR,1888,Subordinate,"Honum fannst allt gott og göfugt í sál sinni vakna til nýs lífs , þegar hann",var búinn,að sigra,"allar þessar óhreinu æsingar , sem hann hafði verið í seinasta sólarhringinn .",PST,Achievement,UninformativeInf,Inf,Transitive,Pluperfect,,Resultative,Yes,,Yes,Yes,Yes,Yes,,3p,sg,þegar,P,0,NAR-FIC,"1888.VORDRAUMUR.NAR-FIC,.559",
200,VORDRAUMUR,1888,Subordinate,Og þegar kjósandinn,var búinn,að kjósa,"Bjarna Sveinsson , þá sló prófasturinn tvö strik í kross með bláa blýantinum yfir alla blaðsíðuna .",PST,Achievement,InformativeInf,Inf,Transitive,Pluperfect,,Resultative,Yes,,Yes,Yes,Yes,Yes,,3p,sg,þegar,P,0,NAR-FIC,"1888.VORDRAUMUR.NAR-FIC,.600",
76,VORDRAUMUR,1888,Subordinate,"Svo hafði verið sent eftir bestu vinkonu Bjargar , sýslumannsekkjunni á Grund , næsta bæ við Stað , til þess að taka þátt í fögnuðinum yfir því að",búið var,að heimta,Bjarna heilan heim eftir ferðavolkið .,PST,Achievement,InformativeInf,Inf,Transitive,Pluperfect,,Resultative,Yes,,Yes,No (but specific),Yes,Yes,Impersonal,,,,P,0,NAR-FIC,"1888.VORDRAUMUR.NAR-FIC,.33",
77,VORDRAUMUR,1888,Relative,"Á þetta féllust líka flestir , nema Ingvar í Vík sem ",búinn var,að sækja um,"Hann sagði upp í opið geðið á prófastinum , að sér dytti ekki í hug að vinna það fyrir mannahylli , hver sem í hlut ætti , að kjósa sér þann sálusorgara , sem enginn þekkti að neinu .",PST,Achievement,,Inf,Intransitive,Pluperfect,,Resultative,No,Seems more universal than result. Revisit?,Yes,No (but specific),Yes,Yes,Unergative,3p,sg,,P,0,NAR-FIC,"1888.VORDRAUMUR.NAR-FIC,.40",
79,VORDRAUMUR,1888,Subordinate,"Bjarni vildi ekki aðhyllast þá skoðun tengdaföður síns tilvonandi , að það væri loftslaginu að kenna , að menn hér á landi væru svona ; hann sagði , að þessi stirðleiki og framkvæmdardeyfð væri engu öðru að kenna en óánægjunni með allt og alla , sem væri orðin eðli manna hér , og væri komin af því , að menntunin og menningin",væri ekki búinn,að ryðja,sér til rúms nema að hálfu leyti ; mönnum hefði furðanlega heppnast að læra það af útlendingum að gera miklar kröfur til lífsins,PST,Accomplishment,InformativeInf,Inf,Intransitive,Pluperfect,,Resultative,Yes,Negated resultative,Yes,,No,No,Unergative,3p,sg,,N,0,NAR-FIC,"1888.VORDRAUMUR.NAR-FIC,.67",
80,VORDRAUMUR,1888,Main,En nú skulum við snúa okkur að kvenfólkinu . Ég er varla,(varla) búinn,að sýna,"búinn að sýna þig sýslumannsfrúnni okkar . Hún er amtmannsdóttir , eins og þú veist , hefur verið lengi í Kaupmannahöfn og meðal annars lært þar ýmsar óprestslegar kenningar , sem hún dregur enga dul á",PRES,Achievement,InformativeInf,Inf,Transitive,,,Resultative,,Potentially resultative???? Type of result ´barely introduced´,Yes,No (but specific),Yes,Yes,,1p,sg,,P,0,NAR-FIC,"1888.VORDRAUMUR.NAR-FIC,.88",
84,VORDRAUMUR,1888,,"Syndin er einmitt eitt af skálkaskjólunum , sem menn skjótast í . Þeir telja sér trú um , að allt sé syndinni , meðfæddum breyskleika , erfðasyndinni , að kenna og þess vegna sé það eðlilegt og náttúrlegt , og þegar maður svo iðrist eftir verkið , einhvern tíma áður en maður deyr þá sé allt",búið,,,,,,Complement-less,,,,Finish,,,No,,,,,,,,,,NAR-FIC,"1888.VORDRAUMUR.NAR-FIC,.250",Y
98,GRIMUR,1888,Subordinate,Svo fór María á flakk og fór að hagræða Grími í rúminu ; hún lét kodda tvo undir herðarnar á honum svo hann sat upp við herðadýnu og sá yfir allt herbergið ; og þegar hún,var búin,,"að því fór hún upp í rúmið sitt aftur , og Grímur lét aftur augun og lá nokkra stund kyrr svo hún hélt að hann væri sofnaður .",,Accomplishment,,að því,Transitive,,No complement,Resultative,Yes,,Yes,Yes,Yes,Yes,,3p,sg,,P,0,NAR-FIC,"1888.GRIMUR.NAR-FIC,.264",
199,VORDRAUMUR,1888,,"Prófasturinn gamli sendi dreng á stað með bréfið og sagði lágt , en brosandi , við Bjarna : "" Nú er þá allt búið ? """,,,,,,,Complement-less,,,,Complete/Prepared,,,No,,,,,,,,,,NAR-FIC,"1888.VORDRAUMUR.NAR-FIC,.575",Y
19,FOSSAR,1902,Main,þau,eru búin,að reyna,hjúskapinn og búskapinn,PRES,Accomplishment,,Inf,Transitive,,,Resultative,,"Potential univ... The Efra-Fosshjónin couple have now been married for six years, and during those years, they have had three children; they have experienced both 'marriage' and 'farming'.",Yes,Yes,Yes,Yes,,3p,pl,á þeim árum,P,0,NAR-FIC,"1902.FOSSAR.NAR-FIC,.236",
16,FOSSAR,1902,Main,"Gróa hélt ,-, að það væri ekki búmaður ,-,
sem ekki kynni að barma sér ,-, svo hún
fylgdi nokkuð þéttlega sínu máli ,-,
þangað til Brandur sagði:-: Ég",er (nú) búinn,að hjálpa,"foreldrum þínum,-, bæði um hey og-og mat ;-; bræðrum þínum líka- þó
dálítið",PRES,Accomplishment,,Inf,Transitive,,,Resultative,No,,Yes,Yes,Yes,Yes,,1p,sg,nú,P,0,NAR-FIC,"1902.FOSSAR.NAR-FIC,.115",
17,FOSSAR,1902,Main,Nú,var búið ,að ferma,yngstu börnin,PST,Achievement,,Inf,Transitive,Pluperfect,Impersonal,Resultative,No,,Yes,,Yes,Yes (but impersonal!),,,,nú,P,1,NAR-FIC,"1902.FOSSAR.NAR-FIC,.187",
18,FOSSAR,1902,Main,Nú eru Efra-Fosshjónin,eru (...) búin,að vera gift,í sex ár og á þeim árum hafa þau eignast þrjú börn,PRES,Stative,,Inf,Intransitive,,,Universal,No,,Yes,,No,Yes,Unergative,3p,pl,"nú, í sex ár",P,1,NAR-FIC,"1902.FOSSAR.NAR-FIC,.234",
158,FOSSAR,1902,Subordinate,"og kastaði mæðinni ."" Ég fer yfrum í kvöld og bið pabba þinn um þig ; fyrst þú ert nú loksins",(ert) búin,að segja,að segja já,,Achievement,,Inf,Transitive,,,Resultative,Yes,,Yes,No but specific,Yes,Yes,,2p,sg,"nú, loksins",P,1,NAR-FIC,"1902.FOSSAR.NAR-FIC,.473",
156,FOSSAR,1902,Main,"og Gróa hafði svo mörg ár horft framan í skort og fátækt , að hún var bæði fullreynd og greind til þess að sjá , hvað mikill þröskuldur efnaleysið er á lífsleið manns . Svo oft",búin,að gæta,"þess , að þeir , sem hafa góð efni , geta haft sig fram , þeir geta búið við snotur hús , átt falleg föt , fullkomin áhöld og gnægð í búi ;",PST,Achievement,,Inf,Transitive,Pluperfect,,Experiential,No,Semelfactive?,Yes,No but specific,Yes,Yes,,3p,sg,oft,P,1,NAR-FIC,"1902.FOSSAR.NAR-FIC,.29",
24,FOSSAR,1902,Relative,"hann var eins og flekkóttur kláðasauður, innan um hvíta, mjallfilda sauði; líkur ref í lambahóp þeim, sem rétt ",er búið ,að reka,á afrétt,PRES,Achievement,,Inf,Transitive,,,Resultative,No,,Yes,No,Yes,Yes (but impersonal!),,3p,sg,rétt,P,1,NAR-FIC,"1902.FOSSAR.NAR-FIC,.1360",
15,FOSSAR,1902,Subordinate,Þegar Brandur,var búinn,að borða,"fór
Gróa líka að hjálpa Gunnari að koma
erindinu fram",PST,Accomplishment,,Inf,Intransitive,Pluperfect,,Resultative,Yes,Eat a meal is telic,Yes,No,Yes,Yes,Unergative,3p,sg,þegar,P,0,NAR-FIC,"1902.FOSSAR.NAR-FIC,.113",
26,FOSSAR,1902,Main,"Þegar þeir voru komnir spölkorn suðureftir, vínið",var (vínið) búið,að vekja,að vekja þá Brand og Geirmund,PST,Achievement,,Inf,Transitive,Pluperfect,,Resultative,No,,Yes,Yes,Yes,No,,3p,sg,þegar,P,1,NAR-FIC,"1902.FOSSAR.NAR-FIC,.1546",
27,FOSSAR,1902,Main,Þeir Brandur,voru búnir,að láta ,"upp á einn hestinn, sem hafði velt af sér, þegar hin komu",PST,Achievement,,Inf,Transitive,Pluperfect,DO not expressed,Resultative,No,,Yes,No,Yes,Yes,,3p,pl,þegar,P,1,NAR-FIC,"1902.FOSSAR.NAR-FIC,.1560",
159,FOSSAR,1902,Subordinate,Þegar Geirmundur,var búinn,að vera,"hálfan mánuð á Grund , hljóp hann á sunnudagsmorguninn , til að gæta að fjármennskunni , og til þess líka , að vita hvernig liði á bæjunum .",PST,Stative,,Inf,Intransitive,Pluperfect,,Universal,Yes,,Yes,,,Yes,"Unerg??? dvelja, basically",3p,sg,"þegar, hálfan mánuð",P,1,NAR-FIC,"1902.FOSSAR.NAR-FIC,.1129",
20,FOSSAR,1902,Main,Hún,var búin ,að læra,"að taka réttum tökum á honum , þegar hún þurfti þess , ef henni sýndist að koma sínu fram",PST,Accomplishment,,Inf,Intransitive,Pluperfect,"Could also be an accomplishment, but here the focus seems to be on the achievement (Wide 208)",Resultative,No,,Yes,,,Yes,Unergative,3p,sg,,P,0,NAR-FIC,"1902.FOSSAR.NAR-FIC,.269",
21,FOSSAR,1902,,"Það var í fyrsta skipti , sem Gróa gat ekki dulist þess að sér gæti verið hætta",búin,,,,,,,,,,Other,,,No,,,,,,,,,,NAR-FIC,"1902.FOSSAR.NAR-FIC,.679",Y
22,FOSSAR,1902,,nú væri hann,viðbúinn,,,,,,,,,,Prepared,,,No,,,,,,,,,,NAR-FIC,"1902.FOSSAR.NAR-FIC,.726",Y
23,FOSSAR,1902,Relative,"en hann var hvorki nógu þrásækinn né lagsæll til að brjóta venjuna, sem",búinn var,að taka sér sæti,"á bak aftur, eða ráð konu, sem þekkti hann svo vel, og kunni að taka tökunum á honum, til þess að sigurinn yrði sér viss, en hann tapaði",PST,Achievement,,Inf,Intransitive,Pluperfect,Ambig result/univ + inanimate,Resultative,No,taka sér sæti!,Yes,,No,No,Unergative,3p,sg,,P,0,NAR-FIC,"1902.FOSSAR.NAR-FIC,.1011",
25,FOSSAR,1902,,"byrjaði fyrsta erindið af einhverjum hestavísum ,
og þegar það ",var búið ,,sneri hann að Gróu og samræðunum við hana,PST,,,Complement-less,,,Complement-less,Finish,,Exclude?? Not real perfect,,,,,,,,,,,NAR-FIC,"1902.FOSSAR.NAR-FIC,.1442",
157,FOSSAR,1902,Main,Fólkið var ,búið,að borða,miðdegismatinn og farið að ýta flekkjunum heim að lambhúsahlöðunni .,PST,Accomplishment,,Inf,Transitive,Pluperfect,,Resultative,No,,Yes,Yes,Yes,Yes,,3p,sg,,P,0,NAR-FIC,"1902.FOSSAR.NAR-FIC,.473",
181,LEYSING,1907,Subordinate,"Auk þess var geymsluhúsið sama sem opið , því ekki var enn",(ekki var enn) búið,að ganga frá,"svo frá kjallaradyrunum , að hægt væri að læsa þeim ;",PST,Accomplishment,,Inf,Transitive,Pluperfect,,Resultative,Yes,,Yes,No but specific,Yes,Yes,Impersonal,,,enn,N,1,NAR-FIC,"1907.LEYSING.NAR-FIC,.625",
176,LEYSING,1907,Main,"Nú var farið að tala um að leggja við hana og láta hana vinna eitthvert þarft vik . En lengra var það ekki komið , sem varla var von . Það var ekki",(var ekki) búið,að tala um það,nema í fimmtíu ár,PST,Accomplishment - Activity,,Inf,Intransitive,Pluperfect,,Universal,No,"Indeed universal!. Meaning more like, this has only been spoken about for fifty years! Is this actually a resultative? This is one of those weird ones nder negation that almost looks like a universal",Yes,No,Yes,Yes,Impersonal,3p,sg,í fimmtíu ár,N,1,NAR-FIC,"1907.LEYSING.NAR-FIC,.353",
180,LEYSING,1907,Main,Hann var,var búinn,að hokra,"þar í mörg ár í þurrabúð , stundum með sveitarstyrk , en oftast án hans .",PST,Stative,,Inf,Intransitive,Pluperfect,,Universal,No,I will take this as continuing at past ref time,Yes,,Yes,Yes,Unergative,3p,sg,í mörg ár,P,1,NAR-FIC,"1907.LEYSING.NAR-FIC,.586",
178,LEYSING,1907,Main,"Þó leyndi það sér ekki , að gamla , danska fastaverzlunin hafði hreiðrað sig þar , sem bezt var aðstöðu ; enda var hún",(var) búin,að sitja,þar lengi að völdum og lengst af ein,PST,Stative,,Inf,,Pluperfect,,Universal,Yes,"This is universal! OK looks from context that this is not a true universal, need to look again... do we ever have true universals in pluperfect contexts?? Maybe I do a survey",Yes,,,,,,,lengi,P,1,NAR-FIC,"1907.LEYSING.NAR-FIC,.410",
52,LEYSING,1907,Main,"Hann þoldi ekki að heyra gletnisyrði um "" Bælið "" núna. Hann þoldi ekki einu sinni Þorgeiri jafnmeinlaust gaman. Hann viknaði , svo honum lá við gráti. Nú var Þorgeir ",(var Þorgeir) búinn,að komast ,að nógu miklu að sinni. Eitthvað hlaut að hafa komið fyrir Einar þarna úti frá í vinnunni .,PST,Achievement,,Inf,Transitive,Pluperfect,,Resultative,No,,Yes,No,Yes,Yes,,3p,sg,nú,P,1,NAR-FIC,"1907.LEYSING.NAR-FIC,.1512",
175,LEYSING,1907,Main,Nú var hún ,búin,að koma sér upp,"ofurlítilli eyri fram í voginn ,",PST,Accomplishment,,Inf,Transitive,Pluperfect,,Resultative,No,,Yes,No,Yes,No,Inanimate (og var nefnd Búðará),3p,sg,nú,P,1,NAR-FIC,"1907.LEYSING.NAR-FIC,.346",
179,LEYSING,1907,Main,""" Þeir eru nú ",eru (nú) búnir,að draga upp,kaðalinn og loka hlerunum þarna uppi,PRES,Accomplishment,,Inf,Transitive,,,Resultative,No,,Yes,Yes,Yes,Yes,,3p,pl,nú,P,1,NAR-FIC,"1907.LEYSING.NAR-FIC,.573",
182,LEYSING,1907,Main,Nú voru allir ,(voru) búnir,að fá,nóg af deginum,PST,Achievement,,Inf,Transitive,Pluperfect,,Resultative,No,,Yes,No but specific,Yes,Yes,Recipient,3p,pl,nú,P,1,NAR-FIC,"1907.LEYSING.NAR-FIC,.630",
183,LEYSING,1907,Main,Þorgeir verzlunarstjóri tók snemma eftir þessari nýju verzlunarhreyfingu og ,var búinn,að frétta,"af henni út í yztu æsar , jafnvel áður en hún komst á laggirnar .",PST,Achievement,,Inf,Transitive,Pluperfect,,Resultative,No,,Yes,No but specific,,,,3p,sg,snemma,P,0,NAR-FIC,"1907.LEYSING.NAR-FIC,.1140",
173,LEYSING,1907,Subordinate,"Það var hepni , að við vorum búnir að koma upp geymsluhúsinu okkar",,að koma upp,geymsluhúsinu okkar,PST,Accomplishment,,Inf,Transitive,Pluperfect,,Resultative,Yes,,Yes,Yes,Yes,Yes,,1p,pl,,P,0,NAR-FIC,"1907.LEYSING.NAR-FIC,.232",
174,LEYSING,1907,,Hann mátti þó ekki gefast upp við svo búið .,,,,,,,,,,,við svo búið,,,No,,,,,,,,,,NAR-FIC,"1907.LEYSING.NAR-FIC,.252",
177,LEYSING,1907,Main,Þar sem bryggjurnar voru,var búið,að jafna,úr þessu melbarði og gera líðandi halla frá húsunum fram í fjöruna,PST,Accomplishment,,Inf,Transitive,Pluperfect,,Resultative,No,,Yes,Yes,Yes,Yes,Impersonal,,,,P,0,NAR-FIC,"1907.LEYSING.NAR-FIC,.366",
184,LEYSING,1907,Main,"Um þetta var Einar að hugsa , meðan hann reikaði þar um á milli húsanna . Hann hafði marghugsað um það áður . Hann var",var búinn,að semja,"í huganum stutt og glögt yfirlit yfir hjúskaparsögu þeirra , sem hann jafnan kunni og jafnan var reiðubúinn að skýra í einstökum atriðum .",PST,Accomplishment,,Inf,Transitive,Pluperfect,,Resultative,No,,Yes,No but specific,Yes,Yes,,3p,sg,,P,0,NAR-FIC,"1907.LEYSING.NAR-FIC,.1442",
62,OFUREFLI,1908,Main,"Hann dró seiminn og bað hjartnæmilega um að hjarta sitt yrði opnað , svo að hann gæti lært af prédikuninni að iðrast synda sinna , trúa á Jesúm og betra sig daglega í dygðugu líferni og framferði. -Hann",er búinn,að biðja,"um þetta nokkuð oft hérna í kirkjunni , karlsauðurinn , sagði einn gárunginn frammi í kirkjunni í eyrað á öðrum gárunga , . Angrið kemur nokkuð seint .",PRES,Achievement,,Inf,Transitive,,,Experiential,No,"Definitely experiential Experiential / Resultative ambiguity, classed as resultative due to modification but somewhat quest.",Yes,No (but specific),Yes,Yes,,3p,sg,nokkuð oft,P,1,NAR-FIC,"1908.OFUREFLI.NAR-FIC,.382",
65,OFUREFLI,1908,Subordinate,"En eg var sá bölvaður glópur að nota ekki stundina , meðan hún gafst , lofaði síra Þorvaldi að þvæla um þetta , þangað til hann",var búinn,að snúa,"karlskrattanum . Hann fór að velta vöngum og taka í nefið og samsinna og hjala um það , að alveg væri það nú satt , og því yrði nú ekki neitað , og rétt væri það og guðsorði samkvæmt , að reyna að bæla niður ofstopann og illindin ",PST,Achievement,,Inf,Transitive,Pluperfect,,Resultative,Yes,,Yes,Yes,Yes,Yes,,3p,sg,þangað til,P,0,NAR-FIC,"1908.OFUREFLI.NAR-FIC,.1335",
63,OFUREFLI,1908,Subordinate,Hana langaði til að senda Grímsa eitthvað þegar ,búið væri,að borða,"Hann væri lagstur , eftir því sem móðir hans hefði sagt í morgun .",PST-SBJ,Activity - Accomplishment,,Inf,Transitive,Pluperfect,,Resultative,Yes,,Yes,No complement,Yes,Yes,Impersonal,,,,P,0,NAR-FIC,"1908.OFUREFLI.NAR-FIC,.574",
64,OFUREFLI,1908,Main,Og hvað er þá um fundinn ? Já fundurinn ! Honum var eg nú nærri því,(var ég nærri því) búinn,að gleyma,Og honum ætti eg samt ekki að gleyma .,PST,Achievement,,Inf,Transitive,Pluperfect,,Resultative,No,"Negated res. actually Almost in the Stative of having forgotten...???? --> atelicized, Stative holds to R",Yes,Yes,Yes,Yes,,1p,sg,,P,0,NAR-FIC,"1908.OFUREFLI.NAR-FIC,.1304",
66,OFUREFLI,1908,Subordinate,"Því meiri yrði þunginn á dómkirkjuprestinum. Vitanlega væri vafamál , hvort hann",væri ekki búinn,að gera,"sjálfan sig að hálfgerðum vitfirring , með trúarofsa og ýmis konar hindurvitnum , eftir því sem kunnugir menn lýstu honum .",PST-SBJ,Accomplishment,,Inf,Transitive,Pluperfect,,Resultative,Yes,,Yes,No (but specific),Yes,Yes,,3p,sg,,N,0,NAR-FIC,"1908.OFUREFLI.NAR-FIC,.1409",
146,MARGSAGA,1985,Main,Hún var svo löngu,búinn,að gera mér,"skiljanlegt að ég kæmist ekkert, en henni væri samt ekkert illa við mig og ég ætti endilega að koma og vera góður vinur .",PST,Accomplishment,,Inf,Transitive,Pluperfect,,Resultative,No,,Yes,No but specific,Yes,Yes,,3p,sg,(svo) löngu,P,1,NAR-FIC,"1985.MARGSAGA.NAR-FIC,.86",
4,MARGSAGA,1985,Main,Á endanum ,var ég búinn,að missa,allar áttir,PST,Achievement,,Inf,Intransitive,Pluperfect,,Resultative,No,,Yes,No,No,Yes,Unergative,1p,sg,Á endanum,P,1,NAR-FIC,"1985.MARGSAGA.NAR-FIC,.1077",
149,MARGSAGA,1985,Main,"Heit bylgja fagnaðar og stolts fór um vitund mína og kaffærði dómgreindarpjörurnar sem eftir voru , og áður en ég vissi til var",(var) ég búinn,að teygja mig,að teygja mig í bókina,PST,Achievement,,Inf,Intransitive,Pluperfect,,Resultative,No,,Yes,,,,Unergative,1p,sg,áður en ég vissi til,P,0,NAR-FIC,"1985.MARGSAGA.NAR-FIC,.810",
145,MARGSAGA,1985,Main,Og svo var ég þá allt í einu kominn að útidyrunum hjá Rósu og,búinn,að hringja,dyrabjöllunni..,PST,Achievement,,Inf,Transitive,Pluperfect,,Resultative,No,,Yes,Yes,Yes,Yes,,1p,sg,allt í einu,P,0,NAR-FIC,"1985.MARGSAGA.NAR-FIC,.79",
33,SAGAN,1985,Main,Ég var ekki fyrr ,(var) búinn,að finna,kellinguna mína en kotið fylltist af krógum,PST,Achievement,,Inf,Transitive,Pluperfect,,Resultative,No,,Yes,Yes,Yes,Yes,,1p,sg,ekki fyrr ,N,1,NAR-FIC,"1985.SAGAN.NAR-FIC,.1690",
163,SAGAN,1985,Subordinate,Því næst reyndi ég að slá línuna með réttri fingrasetningu og leit ekki á blaðið fyrr en ég,var búinn,,,PST,Accomplishment,,Complement-less,,Pluperfect,NO INF,Resultative,Yes,,Yes,,,,,1p,sg,fyrr,P,0,NAR-FIC,"1985.SAGAN.NAR-FIC,.872",
162,SAGAN,1985,Main," vitandi að börn gera sig aldrei ánægð með hálfsannleik , rétti maður þeim enda eru þau fyrr en varir",búin,að rekja upp,alla trossuna .,PRES,Accomplishment,,Inf,Transitive,,,Resultative,Yes,,Yes,Yes,Yes,Yes,,3p,pl,fyrr en varir,P,0,NAR-FIC,"1985.SAGAN.NAR-FIC,.839",
7,MARGSAGA,1985,Relative,"Slík sala á uppboði leiddi auk þess óhjákvæmilega til þess að hjólið fengi eiganda sem væri ekki á nokkurn hátt verðugri en til dæmis ég, sem var þó að minnsta kosti","var (þó að minnsta
kosti) búinn",að hugsa,um það í nokkra daga,PST,Activity,,Inf,Intransitive,Pluperfect,,Universal,No,,Yes,No,Yes,Yes,Unergative,1p,sg,í nokkra daga,P,1,NAR-FIC,"1985.MARGSAGA.NAR-FIC,.1410",
160,SAGAN,1985,Subordinate,Rétt í þessu var ég að uppgötva að ég,er búinn,að gleyma,fornbókasalnum,PRES,Achievement,,Inf,Transitive,,,Resultative,Yes,,Yes,Yes,Yes,Yes,,1p,sg,Rétt í þessu,P,0,NAR-FIC,"1985.SAGAN.NAR-FIC,.326",
3,MARGSAGA,1985,Subordinate,En strax þegar ég,var búinn,að líta,"lauslega yfir yrkingar Gunnars varð mér
ljóst...",PST,Accomplishment,,Inf,Transitive,Pluperfect,,Resultative,Yes,,Yes,No,Yes,Yes,,1p,sg,strax þegar,P,0,NAR-FIC,"1985.MARGSAGA.NAR-FIC,.330",
6,MARGSAGA,1985,Subordinate,Um leið og hann sleppti hönd hennar áttaði hann sig á því að hann var um leið,var (um leið) búinn,að klippa,sundur það eina sem batt hann þessari konu sem hann fann að var að verða honum allt,PST,Achievement,,Inf,Transitive,Pluperfect,,Resultative,Yes,,Yes,Yes,Yes,Yes,,3p,sg,Um leið,P,1,NAR-FIC,"1985.MARGSAGA.NAR-FIC,.1267",
34,SAGAN,1985,Subordinate,og um leið og,búið var,að kveikja ,"upp í deginum byrjuðu skorkvikindin nudd , ískur og tíst .",PST,Achievement,,Inf,Transitive,Pluperfect,,Resultative,Yes,Could also be an accomplishment given salience with Búinn... Not sure whether could be considered agentive,Yes,Yes,?,No,Impersonal,3p,sg,um leið og,P,0,NAR-FIC,"1985.SAGAN.NAR-FIC,.1866",
148,MARGSAGA,1985,Main,"Sjálfur var ég þá farinn að fást við skriftir , staðráðinn í að verða rithöfundur og",búinn,að gefa út,eina bók.,PST,Achievement,,Inf,Transitive,Pluperfect,,Resultative,No,,Yes,No but specific,Yes,Yes,,1p,sg,þá,P,1,NAR-FIC,"1985.MARGSAGA.NAR-FIC,.787",
2,MARGSAGA,1985,Main,Þarna hefur hún sennilega,verið búinn,að fá,hugmyndina,PRES,Achievement,,Inf,Transitive,Samsett ,Hafa + BÚINN (evid),Resultative,Yes,In the Stative of having gotten the idea??,Yes,Yes,Yes,Yes,,3p,sg,Þarna,P,0,NAR-FIC,"1985.MARGSAGA.NAR-FIC,.211",
164,SAGAN,1985,Subordinate,Svo þegar konan í Útvarpinu er,búin,að segja,"þeim hvernig veðrið verði , rísa þeir upp og fara aftur í vinnuna með áfylltan kaffibrúsa og fullt nestisbox af nýsmurðu brauði",PRES,Accomplishment,,Inf,Transitive,,,Resultative,Yes,,Yes,No but specific,Yes,Yes,,3p,sg,þegar,P,0,NAR-FIC,"1985.SAGAN.NAR-FIC,.923",
5,MARGSAGA,1985,Subordinate,Loks gæti ég svarað játandi þeirri spurningu sem brann á allra vörum,Ertu búinn,að sjá,Pískó,PRES,Accomplishment,,Inf,Transitive,,,Resultative,No,"Ambig. btw result and universal, context leans towards former",Yes,Yes,Yes,Yes,,2p,sg,,P,0,NAR-FIC,"1985.MARGSAGA.NAR-FIC,.1122",
9,MARGSAGA,1985,Main,Ég,var búinn,að ákveða,"að fara mér hægt um sumarið, vinna svo að þessu í rólegheitum yfir veturinn, en fara ekki að hjóla neitt fyrr en næsta vor",PST,Achievement,,Inf,Intransitive,Pluperfect,Potentially an accomplishment,Resultative,No,,Yes,No,Yes,Yes,Unergative,1p,sg,,P,0,NAR-FIC,"1985.MARGSAGA.NAR-FIC,.1457",
28,SAGAN,1985,Relative,Fólki sem,búið er ,að framkvæma,"Byltinguna býður maður ekki upp á röfl, sagði Eiríkur .",PRES,Accomplishment,,Inf,Transitive,,,Universal,No,,Yes,Yes,Yes,Yes,,3p,sg,,P,0,NAR-FIC,"1985.SAGAN.NAR-FIC,.92",
29,SAGAN,1985,,Pabbi ég,er búinn !,,,PRES,,,Complement-less,Intransitive,,"Complement-less, contexts suggests ""Ég er búinn að pissa""... in such a case, accomplishment",Resultative,No,"No complement, so",Yes,,Yes,Yes,Unergative,1p,sg,,,,NAR-FIC,"1985.SAGAN.NAR-FIC,.705",Y
30,SAGAN,1985,,Hringur bregst við reiður þegar hann á að fara að hátta og rennur upp fyrir honum að dagurinn,er búinn,,hann er ekki lengri en þetta,PRES,,,Complement-less,,,,Finish,,Exclude?? Not real perfect,Yes,,,,,,,,,,NAR-FIC,"1985.SAGAN.NAR-FIC,.1286",Y
31,SAGAN,1985,,En dagurinn,er búinn,,,PRES,,,Complement-less,,,,Finish,,Exclude?? Not real perfect,Yes,,,,,,,,,,NAR-FIC,"1985.SAGAN.NAR-FIC,.1288",Y
32,SAGAN,1985,Relative,Var ,(ég) búinn,að segja ,"frá draugalegu tungli uppi á veðurhimni þar sem ský streyma hraðbyri , úti skefur snjó og hjúfrar sig í görðum .",PST,Activity,,Inf,Transitive,Pluperfect,,Universal,No,"Could be an accomplishment, hard to tell",Yes,No,Yes,Yes,,1p,sg,,P,0,NAR-FIC,"1985.SAGAN.NAR-FIC,.1318",
147,MARGSAGA,1985,Relative,"Og ég hélt áfram . Alveg óstöðvandi , sagði frá lúmskum villum sem ég hefði fundið í því sem margir aðrir",voru búnir,að lesa,og gefa imprímatúr .,PST,Accomplishment,,Inf,Transitive,Pluperfect,,Resultative,No,,Yes,No but specific,Yes,Yes,,3p,pl,,P,0,NAR-FIC,"1985.MARGSAGA.NAR-FIC,.188",
161,SAGAN,1985,Main," Erna er til fara eins og Vetrarhjálpin , hver prjónaflíkin yfir annarri , sín úr hverri áttinni en í miðju kafi plastikpils. Hárið þykka svarta eins og hrafnsvængur",búið,að klippa,það allt af öðru megin,PRES,Accomplishment,,Inf,Transitive,,,Resultative,No,,Yes,Yes,,,Impersonal,3p,sg,,P,0,NAR-FIC,"1985.SAGAN.NAR-FIC,.434",
165,SAGAN,1985,Main,""" Lestu þessa , ertu búinn",búinn,að lesa,þessa,PRES,Accomplishment,,Inf,Transitive,,,Resultative,No,,Yes,Yes,Yes,Yes,,2p,sg,,P,0,NAR-FIC,"1985.SAGAN.NAR-FIC,.1580",
166,SAGAN,1985,Subordinate,"Þú skalt lesa þessa , þegar ég er",búinn,að lesa,þessa hef ég Nútímann á valdi mínu,PRES,Accomplishment,,Inf,Transitive,,,Resultative,Yes,,Yes,Yes,Yes,Yes,,1p,sg,,P,0,NAR-FIC,"1985.SAGAN.NAR-FIC,.1582",
167,SAGAN,1985,Subordinate,Bylgju varð svo hverft við að hún var næstum,(var næstum) búin,að velta um koll,rímusnum .,PST,Achievement,,Inf,Transitive,Pluperfect,,Resultative,Yes,"This is another ""almost achievement"" reading, see Larsson... in the Stative of having almost... wait did Larsson talk about these??",Yes,Yes,Yes,Yes,,3p,sg,,P,0,NAR-FIC,"1985.SAGAN.NAR-FIC,.1637",
134,OFSI,2008,Main,Og var að vona að hún myndi virða mig þeirrar ákvörðunar . Fylgja sínum manni . Og skilja jafnvel að ég er að hugsa um hennar hag ; hún,er búin,að þjást,af heimþrá alveg frá því fyrst við fórum af hennar heimaslóðum . En hún var ekkert nema þóttinn .,PRES,Stative,,Inf,Intransitive,,,Universal,No,,Yes,,,,Experiencer,3p,sg,(alveg) frá því,P,1,NAR-SAG,"2008.OFSI.NAR-SAG,.1166",
219,OFSI,2008,Subordinate,Hann sagði að í rauninni væri ekki eftir neinu að bíða ; við ættum að kveðja upp mannskap nú þegar og ráðast suður á land og helst ganga á milli bols og höfuðs á Gissuri áður en hann,væri búinn,að gera,sínar eigin ráðstafanir með heruppkvaðningu og banatilræði við góða menn .,PST-SBJ,Accomplishment,,Inf,Transitive,Pluperfect,Before he had already...,Resultative,Yes,,Yes,No but specific,Yes,Yes,,3p,sg,áður en,P,0,NAR-SAG,"2008.OFSI.NAR-SAG,.488",
69,MAMMA,2008,Main,Ég sagði við sjálfan mig að ég skyldi hætta þessu hangsi og drífa mig að verki en áður en ég vissi af,var ég búinn,að smella,á Netið og kominn á síðu Unu Maríu Páls að gá hvort hún hefði skrifað eitthvað um Óma eftir að hann bauð henni út að borða um daginn en rankaði við mér á síðu einhvers Rúnars sem var bloggvinur bloggvinkonu hennar og var að skrifa um hvað sér hefði fundist Sínalkó gott þegar hann var lítill .,PST,Achievement,,Inf,Transitive,Pluperfect,,Resultative,No,,Yes,Yes,Yes,Yes,,3p,sg,áður en...,P,0,NAR-FIC,"2008.MAMMA.NAR-FIC,.213",
131,OFSI,2008,Subordinate,Þetta sé ég alltaf á því að augnabliki síðar er Sturla,(er) búinn,að taka upp,"sama sið , framkoma viðmælandans er orðin innlifuð í fas hans sjálfs ;",PRES,Achievement,,Inf,Transitive,,,Resultative,Yes,,Yes,Yes,Yes,Yes,,3p,sg,augnabliki síðar,P,1,NAR-SAG,"2008.OFSI.NAR-SAG,.967",
127,OFSI,2008,Main,Og án þess við þyrftum að ræða það frekar var hann ,(var) búinn,að útlista,"fyrir mér hvernig málin litu út í hans augum ; að væri Gissur hingað kominn , eins og allt benti til , í því skyni að brjóta landið undir konung",PST,Accomplishment,,Inf,Transitive,Pluperfect,,Resultative,No,,Yes,No (but specific),Yes,Yes,,3p,sg,fljótt,P,0,NAR-SAG,"2008.OFSI.NAR-SAG,.467",
218,OFSI,2008,Main,Nú,er búið,að drepa,nógu marga .,PRES,Achievement,,Inf,Transitive,,,Resultative,No,,Yes,,,,Impersonal,,,nú,P,1,NAR-SAG,"2008.OFSI.NAR-SAG,.122",
128,OFSI,2008,Main,"ég veit ekki nema hann sé að safna liði eða búa sig undir herleiðangur , og sé svo þá",er (ég) búinn,að gefast upp,,PRES,Achievement,,Inf,Intransitive,,,Resultative,No,,Yes,,Yes,Yes,Unergative,1p,sg,þá,,,NAR-SAG,"2008.OFSI.NAR-SAG,.658",
129,OFSI,2008,Subordinate,og ég fékk brátt að heyra að það ætti að koma við í Stafholti í Borgarfirði því að þar væri sá orðlagði kappi Þorgils skarði,(er) búinn,að koma sér fyrir,"og með marga fylgdarmenn , ellefu vopnaða menn sagði einhver , eða jafnvel fjórtán ef með væru taldir þrír strákar sem eru hafðir til að geyma hesta .",PRES,Accomplishment,,Inf,Intransitive,,,Resultative,No,,Yes,,Yes,Yes,Unergative,3p,sg,þar ,,,NAR-SAG,"2008.OFSI.NAR-SAG,.734",
67,MAMMA,2008,Main,Ég veit ekki hvort ég handfjatla hana mér til ánægju en kúlan,er búin,að vera,þarna í vasanum í hálft ár .,PRES,Stative,,Inf,Intransitive,,Durative stative,Universal,No,,Yes,,,,Theme - Unaccusative,,,"þarna, í hálft ár",P,1,NAR-FIC,"2008.MAMMA.NAR-FIC,.34",
68,MAMMA,2008,Subordinate,Mér fannst það reyndar nokkuð gott hjá honum þegar hann,var búinn,að útskýra,það fyrir mér,PST,Accomplishment,,Inf,Transitive,Pluperfect,,Resultative,Yes,,Yes,No (but specific),Yes,Yes,,3p,sg,þegar,P,1,NAR-FIC,"2008.MAMMA.NAR-FIC,.196",
70,MAMMA,2008,Subordinate,Ég finn feginleikann þegar hann hættir að gráta og hún,er búin,að hugga,hann,PRES,Activity - Accomplishment,,Inf,Transitive,,,Resultative,No,Maybe not an activity... accomplishment??,Yes,No (but specific),Yes,Yes,,3p,sg,þegar,P,1,NAR-FIC,"2008.MAMMA.NAR-FIC,.299",
72,MAMMA,2008,Subordinate,Ég fann fara um mig fagnaðarbylgju þegar ég tók eftir því að hún,var búin,að breiða,hvítan dúk á svarthvíta sjónvarpið og setja þar eitthvað rautt blóm því þetta var undursamleg tilbreyting frá öllum þessum grænu ábreiðum og dúkum alls staðar .,PST,Achievement,,Inf,Transitive,Pluperfect,,Resultative,Yes,,Yes,No,Yes,Yes,,3p,sg,þegar,P,0,NAR-FIC,"2008.MAMMA.NAR-FIC,.1074",
71,MAMMA,2008,Relative,Ég klæddi mig á meðan hún skipti um rúmfötin sem ég,var búinn,að frjóvga,,PST,Achievement,,Inf,Transitive,Pluperfect,,Resultative,No,,Yes,Yes,Yes,Yes,,3p,sg,,P,0,NAR-FIC,"2008.MAMMA.NAR-FIC,.540",
73,MAMMA,2008,Main,"Mig langaði að vera viðstaddur og hringdi nokkrum sinnum í hana til að telja henni hughvarf . Þá grét hún . Svo bað hún mig að hætta þessu , þetta þýddi ekkert , hún",væri búin,að ákveða,"þetta og ég sagði allt í lagi og vertu sæl og Guð blessi þig ,",PST-SBJ,Achievement,,Inf,Intransitive,Pluperfect,,Resultative,No,,Yes,No (but specific),Yes,Yes,Unergative,3p,sg,,P,,NAR-FIC,"2008.MAMMA.NAR-FIC,.1108",
74,MAMMA,2008,,og loks,var ég tilbúinn,,í morgungönguna með Pjatta,,,,,,,,Prepared,,,No,,,,,,,,,,NAR-FIC,"2008.MAMMA.NAR-FIC,.1259",Y
75,MAMMA,2008,Main,Af því að ég átti sko að sjá um vistirnar og ég,er búinn,að taka til,matinn fyrir kvöldið í kvöld og var að spá í hvort við eigum að borða silung á morgun,PRES,Accomplishment,,Inf,Transitive,,,Resultative,No,,Yes,Yes,Yes,Yes,,1p,sg,,P,0,NAR-FIC,"2008.MAMMA.NAR-FIC,.1281",
125,OFSI,2008,Main,"Það var ekki lítill kross sem Þórður lagði á mínar herðar er hann gaf mér Þuríði . Menn skulu ekki gleyma því . Alveg frá því ég kynntist Þórði hef ég verið að hugsa um að ég yrði að vinna eitthvert afreksverk , sigra ofureflið ; ég",er búinn,að eignast ,"prinsessuna , en ég á eftir að leggja drekann að velli .",PRES,Achievement,,Inf,Transitive,,,Resultative,No,,Yes,Yes,Yes,Yes,,1p,sg,,P,0,NAR-SAG,"2008.OFSI.NAR-SAG,.167",
126,OFSI,2008,Main,"og er ég spurði Gissur varfærnislega hvernig honum hefði tekist að leysa úr þeirri flækju sagði hann þessi merkilegu orð : "" Ég ",er búinn,að læra,að þegar á málum er tekið með lipurð og mýkt þá greiðist úr mörgum stálhörðum hnútum .,PRES,Accomplishment,,Inf,Intransitive,,,Resultative,No,,Yes,,Yes,Yes,Unergative,1p,sg,,P,0,NAR-SAG,"2008.OFSI.NAR-SAG,.445",
130,OFSI,2008,Main,Það voru engin smámenni sem komu hingað að Staðarhóli í dag og kváðust eiga erindi við Sturlu Þórðarson . Hann,var búinn,að loka sig af,"úti í skemmu og ég hélt hann væri niðursokkinn í ritstörf , en hann reyndist hafa steinsofnað þegar ég kom þangað að sækja hann hrökk upp af vondum svefni virtist mér .",PST,Achievement,,Inf,Intransitive,Pluperfect,,Resultative,No,,Yes,,Yes,Yes,Unergative,3p,sg,,P,1,NAR-SAG,"2008.OFSI.NAR-SAG,.929",
132,OFSI,2008,Main,"Þórði tókst að verða svona valdamikill með því að hann náði undir sig Skagafirði er Kolbeins naut ekki lengur við , en ég ",er búinn,að sjá,Skagafjörðurinn er einmitt lykillinn að því að halda Sturlungum og allskyns lukkuriddurum í skefjum,PRES,Achievement,,Inf,Transitive,,,Resultative,No,More of a result. achievement than universal,Yes,Yes,Yes,Yes,,1p,sg,,,0,NAR-SAG,"2008.OFSI.NAR-SAG,.1069",
133,OFSI,2008,Main,"Ég var um það bil að detta niður á þá lausn að setja þá eða einhverja þeirra niður í Skagafirði , var",(var) búinn,að kaupa,"hið gamla og glæsta stórbýli Kolbeins unga , Flugumýrina, og sá að engir menn væru traustari en einmitt þessir synir mínir",PST,Achievement,,Inf,Transitive,Pluperfect,,Resultative,No,,Yes,Yes,Yes,Yes,,1p,sg,,P,0,NAR-SAG,"2008.OFSI.NAR-SAG,.1101",
135,OFSI,2008,Main,"Móðir hennar , sem var í heimsókn hjá okkur einu sinni sem oftar , tautaði svo ég heyrði að Gissur væri banamaður föður Þuríðar , og ég var auðvitað ekkert",(var ekki) búinn,að gleyma,"því , þótt það sé manni kannski ekki efst í huga alla daga hver vó hvern fyrir tveimur áratugum , enda nóg til að æra óstöðugan að rifja upp öll vígaferli okkar blóðugu aldar .",PST,Achievement,,Inf,Transitive,Pluperfect,,Resultative,No,,Yes,No (but specific),Not quite?,Yes,,1p,sg,,N,0,NAR-SAG,"2008.OFSI.NAR-SAG,.1180",
191,MAMMA,2008,,Þetta var eins og kynlíf . Og svo þegar allt var búið, var búið,,stóð ég þarna á bílaplaninu með bros hennar í augnkrókunum og goluna á kinnum mér,,,,Complement-less,,,,Complete/Prepared,,,No,,,,,,,,,,NAR-FIC,"2008.MAMMA.NAR-FIC,.23",Y
192,MAMMA,2008,,Himinninn var alveg blár en hádegið ., var búið,,,,,,Complement-less,,,,Complete/Prepared,,,No,,,,,,,,,,NAR-FIC,"2008.MAMMA.NAR-FIC,.26",Y
193,MAMMA,2008,Main,Og kannski hafði hún meira að segja verið,búin,að segja ,mér frá einhverju en ég gleymt því,Samsett,Accomplishment - Activity,,Inf,Transitive,Technically Plup,More lexical meaning,Resultative,No,,Yes,No but specific,Yes,Yes,,3p,sg,,,,NAR-FIC,"2008.MAMMA.NAR-FIC,.735",
194,MAMMA,2008,Subordinate,Þegar hann var búinn að stinga upp,var búinn,að stinga upp,"í mig stakk hann upp í sig vandlega snyrtum bita , leit svo hróðugur á Pjatta eins og hundurinn væri Egill Helgason .",PST,Achievement,,Inf,Transitive,Pluperfect,,Resultative,Yes,,Yes,No but specific,Yes,Yes,,3p,sg,,P,0,NAR-FIC,"2008.MAMMA.NAR-FIC,.773",
195,MAMMA,2008,,"Síðan fór hann aftur til Binna Frank , tók upp saxófóninn sinn og fór að því búnu að svipast um eftir nýrri stöðu sinni í raunveruleikanum ",,,,,,,,,,,að því búnu,,,No,,,,,,,,,,NAR-FIC,"2008.MAMMA.NAR-FIC,.824",Y
196,MAMMA,2008,,"Einn góðan veðurdag situr hann svo í eldhúsinu gegnt henni á þriðjudagsmorgni klukkan hálf átta , nýkominn úr þriðju meðferðinni , og tilkynnir henni að nú sé þetta búið .",,,,,,,,,,,Complete/Prepared,,,No,,,,,,,,,,NAR-FIC,"2008.MAMMA.NAR-FIC,.1576",Y
197,MAMMA,2008,Subordinate,"og tilkynnir henni að nú sé þetta búið . Og þannig var það, þetta var búið",,,,,,,Complement-less,,,,Complete/Prepared,,,No,,,,,,,,,,NAR-FIC,"2008.MAMMA.NAR-FIC,.1578",Y
198,MAMMA,2008,Main,"Og þannig var það, þetta var búið",,,,,,,Complement-less,,,,Complete/Prepared,,,No,,,,,,,,,,NAR-FIC,"2008.MAMMA.NAR-FIC,.1578",Y
217,OFSI,2008,Main,Ég veit ekkert hvort þetta er satt og það skiptir svosem engu máli það ,er búið,að kjafta,svo mikið og slúðra um samskipti mín við Sturlungana að það yrði hver sá maður vitlaus sem reyndi að komast til botns í hvað væri satt og logið .,PRES,Activity,,Inf,Intransitive,,,Universal,No,Appears to be a universal reading since the kjafting etc still happening at speech time,Yes,,,,Impersonal,,,,P,1,NAR-SAG,"2008.OFSI.NAR-SAG,.79",
220,OFSI,2008,,"Loks var þessu lokið og hann gat sest á ný og þá sá maður hvað hann var fölur í andliti og sveittur á enni og gagnaugum og ég sá að þegar hann tók blóðugar rýjur frá munninum og reyndi að fá sér vínsopa , eins og til að sýna að nú væri þetta",búið,,,,,,,,,,Complete,,,No,,,,,,,,,,NAR-SAG,"2008.OFSI.NAR-SAG,.574",
264,MAMMA,2008,Main,og hún,var búin,að mála sig,,,Accomplishment,,,,,,,,,,,,,,,,,,,,,71024
230,,2019,Main,og-og Eiður-eiður er-vera búinn-búa að-að skora-skora eitt-einn mark-mark í-í þrettán-þrettán leikjum-leikur á-á tímabili$-tímabil $nu-hinn .-.,,að skora,,PRES,Achievement,,Inf,Transitive,,,Experiential,No,,Yes,,,,,3p,sg,á tímabilinu,P,1,,G-2-1039771.sanity.psd,
237,,2019,Subordinate,en-en þetta-þessi er-vera allt-allur orðið-verða býsna-býsna miklu-mikill þrengra-þröngt nú-nú vegna-vegna þess-það hversu-hversu mikið-mikill er-vera búið-búa að-að gera-gera að-að undanförnu-undanfarinn .-.,er búið,að gera,,PRES,Activity,,Inf,Transitive,,,Universal,Yes,,Yes,,,,Impersonal,,,að undanförnu,P,1,,G-33-4517845.psd,
224,,2019,Main,Ég-ég er-vera búinn-búa að-að bíða-bíða í-í 19-nítján ár-ár eftir-eftir að-að það-það færi-fara,er búinn,að bíða,,PRES,Activity,,Inf,Intransitive,,,Universal,No,,Yes,,,,,,,í nítján ár,P,1,,G-2-1033705.psd,
234,,2019,Main,Stór-stór hluti-hluti fyrirtækja$-fyrirtæki $nna-hinn er-vera nú-nú búinn-búa að-að vinna-vinna upp-upp allt-allur uppsafnað-uppsafnaður tap-tap ,er nú búinn,að vinna upp,,PRES,Accomplishment,,Inf,Transitive,,,Resultative,No,,Yes,,,,,3p,sg,nú,P,1,,G-33-4500290.psd,
242,,2019,Relative,"Ég-ég er-vera að-að tala-tala um-um þær-sá opinberu-opinber framkvæmdir-framkvæmd ,-, upp-upp á-á 6,5-6,5 milljarða-milljarður ,-, sem-sem nú-nú þegar-þegar er-vera búið-búa að-að gera-gera ráð-ráð fyrir-fyrir í-í fjárlögum-fjárlag ",(nú þegar) er búið,að gera ráð fyrir,,PRES,Achievement,,Inf,Transitive,,,Resultative,No,,Yes,,,,Impersonal,,,nú þegar,P,1,,G-33-4539510.psd,
253,,2019,Main,Nú-nú er-vera búið-búa að-að krukka-krukka í-í það-það a.$-meðal $m.$-lítill $k.-kostur þrisvar-þrisvar sinnum-sinn .-.,er búið,að krukka,,PRES,Activity,,Inf,Intransitive,,,Experiential,No,,Yes,,,,Impersonal,,,"nú, þrisvar sinnum",P,1,,G-33-4645679.psd,
222,,2019,,Ég-ég er-vera samt-samt svo-svo fegin-feginn að-að,að-að vera-vera búin-búa,,með-með 200-200 m-metri bringusund$-bringusund $ið-hinn,,,,Nominal complement,,,,Complete,,,No,,,,,,,,,,,G-2-1032149.sanity.psd,Y
223,,2019,Subordinate,Í-í spilara$-spilari $num-hinn að-að ofan-ofan er-vera myndband-myndband sem-sem finna-finna má-mega á-á heimasíðu-heimasíða Evrópska-evrópskur handknattleikssambands$-handknattleikssamband $ins-hinn þar-þar sem-sem,búið er,að taka saman brot,að taka saman brot úr undanúrslitaleikjum...,PRES,Accomplishment,,Inf,Transitive,,,Resultative,No,Yes,Yes,,,,Impersonal,,,,P,0,,G-2-1033101.psd,
225,,2019,Main,Þetta-þessi er-vera búið-búa að-að vera-vera langt-langur ferðalag-ferðalag,er búið,að vera,,PRES,Stative,,Inf,Intransitive,,,Universal,No,,Yes,,,,,3p,sg,,P,0,,G-2-1036615.sanity.psd,
226,,2019,Main,Ég-ég keypti-kaupa bara-bara miða-miði út-út og-og var-vera búinn-búa að-að gera-gera ráðstafanir-ráðstöfun fyrir-fyrir riðlakeppni$-riðlakeppni $na-hinn,var búinn,að gera,,PST,Accomplishment,,Inf,Transitive,,,Resultative,No,,Yes,,,,,1p,sg,,P,0,,G-2-1036692.sanity,
227,,2019,Main,"Þetta-þessi er-vera búið-búa að-að vera-vera mikið-mikill ævintýri-ævintýri ,-, “-“ segir-segja Magnús-magnús og-og bætir-bæta við-við að-að strákar$-strákur $nir-hinn séu-vera hvergi-hvergi nærri-nærri hættir-hætta ,-,
Frakkland-frakkland sé-vera aðeins-aðeins ný-nýr keila-keila í-í vegi-vegur þeirra-það ",er búið,að vera,,PRES,Stative,,Inf,Intransitive,,,Universal,No,"Univ, ævintýri ongoing",Yes,,,,,3p,sg,,P,0,,G-2-1036692.sanity,
228,,2019,Subordinate,Að-að skora-skora á-á síðustu-síðari mínútu$-mínúta $num-hinn þegar-þegar við-ég vorum-vera eiginlega-eiginlega búin-búa að-að missa-missa trú$-trú$na-hinn var-vera ótrúlegt-ótrúlegur .-.,vorum (eiginlega) búin,að missa,,PST,Achievement,,Inf,Transitive,,,Resultative,No,Yes,Yes,,,,,1p,pl,,P,0,,G-2-1036692.sanity,
229,,2019,,"Leikið-leika verður-verða á-á heimavelli-heimavöllur Manchester-manchester United-united ,-, Old-old Trafford-trafford ,-, og-og búist-búa við-við að-að þetta-þessi verði-verða fyrsti-fyrstur leikur-leikur Zlatans-zlatan Ibrahimovic-ibrahimovic ,-, Henrikhs-henrikh Mkhitaryan-mkhitaryan og-og Erics-eric Bailly-bailly fyrir-fyrir United-united á-á heimavelli-heimavöllur",,,,,,,,,,,búist við,,,No,,,,,,,,,,,G-2-1039768.sanity.psd,Y
231,,2019,Subordinate,Ég-ég held-halda að-að Heimir-heimir sé-vera búinn-búa að-að læra-læra heilmikið-heilmikill af-af honum-hann,sé búinn,að læra,heilmikið af honum,PRES-SBJ,Accomplishment,,Inf,Transitive,,,Resultative,No,Yes,Yes,,,,,3p,sg,,P,0,,G-2-1039970.sanity.psd,
232,,2019,,og-og svo-svo er-vera það-það búið-búa .-.,er (það) búið,,,PRES,,,Complement-less,,,,Complete,,,No,,,,,,,,,,,G-33-4496709.psd,Y
233,,2019,,Hv.-háttvirtur þingmaður-þingmaður og-og allir-allur hv.-háttvirtur þingmenn-þingmaður geta-geta búist-búa við-við fullri-fullur samvinnu-samvinna við-við að-að halda-halda slíku-slíkur áfram-áfram og-og passa-passa að-að þau-sá verkefni-verkefni sitji-sitja ekki-ekki á-á haka$-haki $num-hinn,,,,,,,,,,,búist við,,,No,,,,,,,,,,,G-33-4497471.psd,Y
235,,2019,Main,Þegar-þegar maður-maður var-vera búinn-búa að-að fara-fara yfir-yfir það-það,var búinn,að fara yfir,það,PST,Accomplishment,,Inf,Transitive,,,Resultative,No,,Yes,,,,MAÐUR,3p,sg,,P,0,,G-33-4510804.psd,
236,,2019,Main,og-og búið-búa var-vera að-að eyða-eyða þeim-sá misskilningi-misskilningur að-að það-það ætti-eiga að-að fara-fara að-að hefta-hefta ferðafrelsi-ferðafrelsi fatlaðra-fatlaður,búið var,að eyða,,PST,Achievement,,Inf,Transitive,,,Resultative,No,,Yes,,,,Impersonal,,,,P,0,,G-33-4510804.psd,
238,,2019,Subordinate,Það-það verður-verða mjög-mjög erfitt-erfiður að-að mínu-minn mati-mat að-að sýna-sýna fram-fram á-á að-að hagsmunir-hagsmunir okkar-ég Íslendinga-íslendingur séu-vera mjög-mjög ríkir-ríkur þegar-þegar kemur-koma að-að sjávarútvegi$-sjávarútvegur $num-hinn þegar-þegar búið-búa er-vera að-að kippa-kippa stoðu$-stoð $num-hinn undan-undan honum-hann hér-hér heima-heima,búið er,að kippa,,PRES,Accomplishment,,Inf,Transitive,,,Resultative,No,Yes,Yes,,,,Impersonal,,,,P,0,,G-33-4522153.psd,
239,,2019,Subordinate,Við-ég getum-geta ekki-ekki sýnt-sýna fram-fram á-á að-að hann-hann sé-vera jafnrík-jafnríkur stoð-stoð fyrir-fyrir okkur-ég í-í samfélag$-samfélag $inu-hinn þegar-þegar búið-búa er-vera að-að rústa-rústa honum-hann .-.,búið er,að rústa,,PRES,Accomplishment,,Inf,Transitive,,,Resultative,No,Yes,Yes,,,,Impersonal,,,,P,0,,G-33-4522153.psd,
240,,2019,Main,Herra-herra forseti-forseti .-. Það-það eru-vera mörg-margur slagorð$-slagorð $in-hinn búin-búa að-að vera-vera í-í þessari-þessi umræðu-umræða .-.,búin,að vera,,PRES,Stative,,Inf,Intransitive,,,Universal,No,,Yes,,,,,3p,pl,,P,0,,G-33-4524841.psd,
241,,2019,Relative,"Þetta-þessi gerir-gera ekkert-enginn fyrir-fyrir þann-sá stóra-stór hóp-hópur ,-, sem-sem er-vera hátt-hátt í-í fjórðungur-fjórðungur ,-, sem-sem skuldar-skulda ekki-ekki í-í sínu-sinn húsnæði-húsnæði ,-, að-að uppistöðu-uppistaða til-til eldra-gamall fólk$-fólk $ið-hinn sem-sem er-vera búið-búa að-að borga-borga skuldir-skuld sínar-sinn ,-,",er búið,að borga,,PRES,Accomplishment,,Inf,Transitive,,,Resultative,No,,Yes,,,,,3p,sg,,P,0,,G-33-4524841.psd,
243,,2019,Main,Við-ég erum-vera búin-búa að-að gera-gera ráð-ráð fyrir-fyrir þeim-hann í-í fjárlögum-fjárlag .-.,erum búin,að gera ráð fyrir,,PRES,Achievement,,Inf,Transitive,,,Resultative,No,,Yes,,,,,1p,pl,,P,0,,G-33-4539510.psd,
244,,2019,Main,"Ég-ég vil-vilja spyrja-spyrja hæstv.-hæstvirtur ráðherra-ráðherra ,-, hann-hann er-vera búinn-búa að-að svara-svara einni-einn spurningu-spurning :-: ",er búinn,að svara,,PRES,Accomplishment,,Inf,Transitive,,,Resultative,No,,Yes,,,,,3p,sg,,P,0,,G-33-4557046.psd,
245,,2019,Subordinate,"Þá-þá er-vera ég-ég ansi-ansi hrædd-hræddur um-um að-að við-ég séum-vera búin-búa að-að henda-henda tæki$-tæki $nu-hinn ,-,",séum búin,að henda,,PRES-SBJ,Achievement,,Inf,Transitive,,,Resultative,No,Yes,Yes,,,,,1p,sg,,P,0,,G-33-4576665.psd,
246,,2019,Main,og-og við-ég erum-vera búin-búa að-að gera-gera það-það með-með því-það,búin,að gera,,PRES,Accomplishment,,Inf,Transitive,,,Resultative,No,,Yes,,,,,1p,pl,,P,0,,G-33-4576665.psd,
247,,2019,Main,"Að-að hæstv.-hæstvirtur ráðherra-ráðherra skuli-skulu leyfa-leyfa sér-sig að-að koma-koma hingað-hingað upp-upp og-og fara-fara eins og köttur-köttur
í-í kringum-kringum heitan-heitur graut-grautur í-í þessu-þessi máli-mál þýðir-þýða einfaldlega-einfaldlega að-að hann-hann veit-vita upp-upp á-á sig-sig skömm$-skömm $ina-hinn ,-, hann-hann er-vera ekki-ekki búinn-búa að-að vinna-vinna grunnvinnu$-grunnvinna $na-hinn .-.",er (ekki) búinn,að vinna,,PRES,Accomplishment,,Inf,Transitive,,,Resultative,No,,Yes,,,,,3p,sg,,N,0,,G-33-4583228.psd,
248,,2019,Subordinate,en-en við-ég vitum-vita það-það ekki-ekki með-með vissu-vissa fyrr-snemmt en-en búið-búa er-vera að-að leiða-leiða viðræður$-viðræða $nar-hinn til-til lykta-lykt .-.,en búið er,að leiða,,PRES,Achievement,,Inf,Transitive,,,Resultative,No,Yes,Yes,,,,Impersonal,,,,P,0,,G-33-4587316.psd,
249,,2019,Main,"Kannski-kannski voru-vera einhverjir-einhver innan-innan einhverra-einhver flokka-flokkur ekki-ekki búnir-búa að-að tala-tala sig-sig saman-saman ,-,",voru einhverjir (ekki) búnir,að tala sig saman,,PST,Accomplishment,,Inf,Intransitive,,,Resultative,No,,Yes,,,,,3p,pl,,N,0,,G-33-4587316.psd,
250,,2019,Main,Ég-ég er-vera meira-mikill og-og minna-lítill búin-búa að-að hlusta-hlusta á-á allar-allur ræður-ræða bæði-bæði í-í þessu-þessi máli-mál sem-sem og-og því-sá sem-sem hefur-hafa verið-vera til-til umræðu-umræða og-og bíður-bíða hausts$-haust $ins-hinn .-.,er búin,að hlusta,,PRES,Accomplishment,,Inf,Transitive,,,Resultative,No,,Yes,,,,,1p,sg,,P,0,,G-33-4592214.psd,
251,,2019,Main,"Við-ég erum-vera búin-búa að-að tala-tala um-um þetta-þessi ,-, tala-tala og-og tala-tala ,-, allir-allur mjög-mjög velviljaðir-velviljaður",erum búin,að tala,,PRES,Activity,,Inf,Transitive,,,Experiential,No,,Yes,,,,,1p,pl,,P,0,,G-33-4599302.psd,
252,,2019,Subordinate,"Mér-ég finnst-finna menn-maður vera-vera að-að hlaupa-hlaupa af-af stað-staður í-í einhverjar-einhver breytingar-breyting án-án þess-það endilega-endilega
að-að vera-vera búnir-búa að-að sjá-sjá Forseti-forseti hringir-hringja .-. að-að markmið$-markmið $in-hinn náist-ná í-í sjálfu-sjálfur sér-sig .-.",að vera búnir,að sjá,,INF,Achievement,,Inf,Transitive,,,Resultative,Yes,,Yes,,,,INF,,,,P,0,,G-33-4624367.psd,
254,,2019,Main,Annars-annars ég-ég er-vera eiginlega-eiginlega búin-búa að-að svara-svara ráðherra-ráðherra því-sá sem-sem ég-ég vildi-vilja svara-svara .-.,ég er (eiginlega) búin,að svara,,PRES,Achievement,,Inf,Transitive,,,Resultative,No,,Yes,,,,,1p,sg,,P,0,,G-33-4679339.psd,
255,,2019,,"þá-þá er-vera verkefn$-verkefni $ið-hinn bara-bara búið-búa ,-,",er búið,,,PRES,,,Complement-less,,,,Complete,,,No,,,,Impersonal,,,,,,,G-33-4722866.psd,Y
256,,2019,Relative,Og-og svo-svo setjum-setja við-ég auðvitað-auðvitað þá-sá mælistiku-mælistika sem-sem búið-búa er-vera að-að vinna-vinna og-og er-vera ágæt-ágætur til-til slíkra-slíkur nota-not á-á kostnað$-kostnaður $inn-hinn eftir-eftir línuleiðum-línuleið sem-sem eru-vera ákveðnar-ákveða á-á pólitískan-pólitískur hátt-háttur og-og með-með aðkomu-aðkoma fagaðila-fagaðili .-.,búið er,að vera,,PRES,Stative,,Inf,Intransitive,,,Resultative,No,,Yes,,,,Impersonal,,,,P,0,,G-33-4758602.psd,
257,,2019,,Mér-ég hefði-hafa fundist-finna alveg-alveg koma-koma til-til greina-grein að-að skoða-skoða hvort-hvort þarna-þarna væri-vera búið-búa til-til eitthvað-einhver styttra-stuttur aðlögunartímabil-aðlögunartímabil innan-innan tíma$-tími $ns-hinn,,,,,,,,,,,búa til,,,,,,,,,,,,,,G-33-4762171.psd,Y
258,,2019,Main,En-en það-það er-vera ekkert-enginn búið-búa að-að setja-setja neina-neinn tíma-tími á-á það-það,er (ekkert) búið,að setja,,PRES,Achievement,,Inf,Transitive,,,Resultative,No,,Yes,,,,Impersonal,,,,N,0,,G-33-4776350.psd,
259,,2019,,og-og hann-hann getur-geta búist-búa við-við fullum-fullur stuðningi-stuðningur mínum-minn og-og alls-allur míns-minn þingflokks-þingflokkur .-.,,,,,,,,,,,búist við,,,No,,,,,,,,,,,G-33-4783427.psd,Y
260,,2019,Main,"Segjum-segja sem-sem svo-svo að-að þið-þú séuð-vera að-að fara-fara að-að útdeila-útdeila þessu-þessi til-til þessara-þessi fyrirtækja-fyrirtæki ,-, sem-sem ég-ég sé-sjá ekki-ekki að-að ættu-eiga að-að vilja-vilja gefa-gefa úthlutun$-úthlutun $ina-hinn frá-frá sér-sig af-af því-það að-að þau-það eru-vera búin-búa að-að fá-fá gullið-gullinn tækifæri-tækifæri upp-upp í-í hendur$-hönd $nar-hinn",eru búin,að fá,,PRES,Achievement,,Inf,Transitive,,,Resultative,No,,Yes,,,,,,,,P,0,,G-33-4835966.psd,
261,,2019,Subordinate,Það-það hræðir-hræða mig-ég svolítið-svolítill mikið-mikill að-að með-með stimplunarkerfisáætlun-stimplunarkerfisáætlun séum-vera við-ég búin-búa að-að afgreiða-afgreiða mál$-mál $ið-hinn ,séum (við) búin,að afgreiða,,PRES-SBJ,Accomplishment,,Inf,Transitive,,,Resultative,No,Yes,Yes,,,,,1p,pl,,P,0,,G-33-4857988.psd,
262,,2019,Relative,"Hitt-hinn er-vera miklu-mikill stærra-stór mál-mál sem-sem við-ég erum-vera ekki-ekki búin-búa að-að afgreiða-afgreiða og-og við-ég eigum-eiga ekki-ekki  að-að afgreiða-afgreiða með-með þessu-þessi ,-, þ.$-það $e.-vera hvar-hvar línur$-lína $nar-hinn eiga-eiga að-að liggja-liggja ,-, af-af því-það að-að við-ég setjum-setja ekki-ekki bara-bara venjulegan-venjulegur verðmiða-verðmiði á-á það-það ",við erum (ekki) búin,að afgreiða,,PRES,Accomplishment,,Inf,Transitive,,,Resultative,No,,Yes,,,,,1p,pl,,N,0,,G-33-4857988.psd,
263,,2019,Main,Ég-ég er-vera að-að minnsta-lítill kosti-kostur búinn-búa að-að svara-svara tveimur-tveir ,er búinn,að svara ,,PRES,Accomplishment,,Inf,Transitive,,,Resultative,No,,Yes,,,,,1p,sg,,P,0,,G-33-4875869.psd,